Peptide ID,Decision,E,E-Alpha,E-Beta,Fragment Count,Monoisotopic PPM,Highest Peak PPM,Selected Precursor PPM,Type,Intra/Inter,Modification Name,Peptide RT,Best MS2 RT,Best MS2 Scan Number,z,m/z,Protein 1,Peptide 1,Start 1,Stop 1,Protein 2,Peptide 2,Start 2,Stop 2,Selected Sites,Notes
14437,Accepted,4.14E-34,0,0,60,1.283465186,1.879610469,6.057406967,Dead end,,DE - OH - Heavy,53.43816376,53.43816376,10324,4,878.4286796,DNAPKcs,SSFDWLTGSSTDPLVDHTSPSSDSLLFAHKR,2654,2684,,,,,[K2683-],
15506,Accepted,2.67E-35,0,0,57,1.215023651,0.875728551,7.68929579,Dead end,,DE - NH,52.30696106,52.30696106,10058,4,876.6732592,DNAPKcs,SSFDWLTGSSTDPLVDHTSPSSDSLLFAHKR,2654,2684,,,,,[K2683-],
14601,Accepted,3.87E-45,0,0,56,1.492944844,1.296687324,0.840442252,Dead end,,DE - OH,53.56332623,53.56332623,10354,4,876.9192633,DNAPKcs,SSFDWLTGSSTDPLVDHTSPSSDSLLFAHKR,2654,2684,,,,,[K2683-],
8393,Accepted,7.56E-35,0,0,49,0.282177686,0.176774527,1.388857938,Dead end,,DE - OH,58.75209263,58.63283534,11491,4,1013.782593,DNAPKcs,AGLLHNILPSQSTDLHHSVGTELLSLVYKGIAPGDER,1461,1497,,,,,[K1489-],
16516,Accepted,1.25E-32,0,0,48,0.245432334,0.737847076,0.711219418,Dead end,,DE - OH - Heavy,54.59135886,54.59135886,10594,4,839.403404,DNAPKcs,SSFDWLTGSSTDPLVDHTSPSSDSLLFAHK,2654,2683,,,,,[S2674-],
8160,Accepted,3.79E-27,0,0,47,0.290221078,0.201101292,0.580601598,Dead end,,DE - OH,58.64683483,58.64683483,11494,5,811.2275294,DNAPKcs,AGLLHNILPSQSTDLHHSVGTELLSLVYKGIAPGDER,1461,1497,,,,,[K1489-],
33246,Accepted,2.89E-42,0,0,46,0.292896942,0.500952413,1.121993775,Self Linked,,Bound,16.99856873,16.99856873,2614,4,661.3227425,Ku70,KHDNEGSGSKRPKVEYSEEELK,544,565,,,,,[K553-K556],
14437,Accepted,4.49E-33,0,0,46,1.96377642,0.842159699,0.365425228,Dead end,,DE - OH - Heavy,54.03481716,54.09618296,10476,4,878.4286796,DNAPKcs,SSFDWLTGSSTDPLVDHTSPSSDSLLFAHKR,2654,2684,,,,,[K2683-],
56101,Accepted,1.21E-36,6.53E-36,7.34E-19,46,0.016725514,0.127230753,1.624250317,Cross-linked,Inter,Bound - Heavy,35.16768474,35.16768474,6306,4,756.6567718,Ku80,KDEKTDTLEDLFPTTK,466,481,Ku70,THISKGTLGK,566,575,[K469-K570],
53394,Accepted,1.11E-38,1.65E-42,9.27E-15,46,0.136638114,0.10006653,0.854137932,Cross-linked,Inter,Bound,35.3294855,35.29039715,6334,4,755.1473556,Ku80,KDEKTDTLEDLFPTTK,466,481,Ku70,THISKGTLGK,566,575,[K469-K570],
16570,Accepted,5.72E-32,0,0,45,0.924079557,1.122851194,2.402451899,Dead end,,DE - OH,54.45499333,54.4628554,10563,4,837.8939878,DNAPKcs,SSFDWLTGSSTDPLVDHTSPSSDSLLFAHK,2654,2683,,,,,[S2672-],
36789,Accepted,1.37E-42,0,0,45,1.284480954,0.77160698,0.238371054,Self Linked,,Bound - Heavy,16.85124032,16.85124032,2585,4,662.8321588,Ku70,KHDNEGSGSKRPKVEYSEEELK,544,565,,,,,[S552-K553],
47723,Accepted,1.72E-26,6.78E-22,3.75E-19,45,0.380658567,0.467220314,0.674836513,Cross-linked,Intra,Bound,45.46187038,45.40385684,8494,5,774.8019327,Ku80,LGGHGPSFPLKGITEQQK,185,202,Ku80,KDEKTDTLEDLFPTTK,466,481,[K195-K469;K195-T470],
42757,Accepted,3.68E-24,3.93E-22,1.54E-15,45,1.374345351,0.475353091,1.396000643,Cross-linked,Intra,Bound,30.02915165,29.98663543,5221,5,731.3750218,DNAPKcs,ICSKPVVLPKGPESESEDHR,490,509,DNAPKcs,MKQDAQVVLYR,2763,2773,[K499-K2764],
62000,Accepted,1.62E-36,9.99E-32,1.79E-19,44,0.865527129,0.925210051,0.36969838,Cross-linked,Inter,Bound,52.22548268,52.22548268,10039,4,724.9152684,Ku80,FSKSQLDIIIHSLK,142,155,Ku70,KQELLEALTK,596,605,[K144-K596],
31808,Accepted,1.73E-30,1.19E-40,3.08E-05,44,1.256484731,1.182781381,0.682829813,Cross-linked,Inter,Bound - Heavy,20.45238744,20.39688132,3264,5,698.5635239,Ku80,KKDQVTAQEIFQDNHEDGPTAKK,544,566,Ku70,TKAGDLR,188,194,[K565-T188;K565-K189],
30474,Accepted,2.44E-33,0,0,44,0.357854303,0.334069335,0.378127225,Dead end,,DE - OH - Heavy,21.02978016,21.02978016,3401,4,687.5992609,Ku80,KKDQVTAQEIFQDNHEDGPTAKK,544,566,,,,,[K565-],
28880,Accepted,2.38E-32,0,0,44,0.60846356,0.21538234,1.272099971,Dead end,,DE - OH,47.19777404,47.19777404,8905,4,688.6251248,DNAPKcs,HGDLPDIQIKHSSLITPLQAVAQR,2777,2800,,,,,[K2786-],
41618,Accepted,2.64E-34,7.18E-29,1.77E-19,44,1.684966352,1.364718379,0.990469767,Cross-linked,Intra,Bound - Heavy,29.94470161,29.94470161,5213,4,915.4763744,DNAPKcs,ICSKPVVLPKGPESESEDHR,490,509,DNAPKcs,MKQDAQVVLYR,2763,2773,[K499-K2764],
39650,Accepted,1.29E-24,3.80E-29,2.25E-12,44,0.426843732,0.823926186,1.366922392,Cross-linked,Intra,Bound - Heavy,43.86115206,43.86115206,8150,5,727.1810068,Ku80,KDQVTAQEIFQDNHEDGPTAK,545,565,Ku80,TLFPLIEAKK,535,544,[K545-K543],
47264,Accepted,8.01E-28,1.23E-21,4.54E-20,44,1.797269132,0.515900018,0.599219495,Cross-linked,Intra,Bound - Heavy,45.32798025,45.32798025,8476,5,776.0094657,Ku80,LGGHGPSFPLKGITEQQK,185,202,Ku80,KDEKTDTLEDLFPTTK,466,481,[K195-K469],
47843,Accepted,3.26E-42,5.39E-19,1.24E-34,44,0.12401533,1.574733985,0.695671214,Cross-linked,Intra,Bound,36.77520474,36.79475957,6654,4,936.9736288,DNAPKcs,GHDEREHPFLVKGGEDLR,3742,3759,DNAPKcs,KGGSWIQEINVAEK,4023,4036,[K3753-K4023],
39824,Accepted,4.95E-33,2.77E-30,7.07E-22,44,0.469591012,1.098473252,1.717792472,Cross-linked,Intra,Bound - Heavy,43.87910989,43.87910989,8154,4,908.7244393,Ku80,KDQVTAQEIFQDNHEDGPTAK,545,565,Ku80,TLFPLIEAKK,535,544,[K545-K543],
61662,Accepted,1.02E-31,6.89E-32,4.40E-09,43,0.474033847,0.283153589,1.420579077,Cross-linked,Intra,Bound,41.2864891,41.2864891,7594,4,788.41088,DNAPKcs,KGGSWIQEINVAEK,4023,4036,DNAPKcs,EHPFLVKGGEDLR,3747,3759,[K4023-K3753],
41511,Accepted,5.03E-36,2.76E-30,4.63E-20,43,0.347024802,0.188320509,1.140084979,Cross-linked,Intra,Bound,30.04075036,29.99617693,5224,4,913.9669581,DNAPKcs,ICSKPVVLPKGPESESEDHR,490,509,DNAPKcs,MKQDAQVVLYR,2763,2773,[K499-K2764],
31654,Accepted,2.31E-40,0,0,42,0.027583772,0.183703331,0.806431581,Self Linked,,Bound - Heavy,15.44553722,15.44553722,2316,4,701.8574343,Ku70,RKHDNEGSGSKRPKVEYSEEELK,543,565,,,,,[K553-K556],
31181,Accepted,3.98E-40,0,0,42,0.80891,0.578228229,0.227375469,Dead end,,DE - OH,21.12484539,21.12484539,3423,4,686.0898447,Ku80,KKDQVTAQEIFQDNHEDGPTAKK,544,566,,,,,[K565-],
29740,Accepted,6.33E-28,0,0,42,1.113322796,1.077914446,0.776937102,Dead end,,DE - NH - Heavy,45.95523978,45.95523978,8613,4,689.8885369,DNAPKcs,HGDLPDIQIKHSSLITPLQAVAQR,2777,2800,,,,,[K2786-],
29162,Accepted,6.65E-35,1.49E-34,9.27E-10,42,1.735055779,1.127215849,0.810264862,Cross-linked,Intra,Bound - Heavy,46.08280527,46.09143095,8645,4,989.2983663,DNAPKcs,HGDLPDIQIKHSSLITPLQAVAQR,2777,2800,DNAPKcs,APLKSVGPDFGK,2691,2702,[K2786-K2694],
26355,Accepted,3.11E-34,0,0,42,0.633989756,0.738427535,5.401026798,Dead end,,DE - NH,54.49288944,54.60954377,10599,4,680.611324,DNAPKcs,LAGANPAVITCDELLLGHEKAPAFR,4051,4075,,,,,[K4070-],
8399,Accepted,8.54E-22,0,0,42,0.591621623,0.405138816,2.385421421,Dead end,,DE - OH - Heavy,58.19075371,58.19075371,11385,5,812.4350624,DNAPKcs,AGLLHNILPSQSTDLHHSVGTELLSLVYKGIAPGDER,1461,1497,,,,,[K1489-],
41426,Accepted,8.16E-27,9.50E-33,5.63E-09,42,0.150024252,0.285737965,0.136056576,Cross-linked,Intra,Bound,43.30475049,43.30475049,8033,5,764.3878961,DNAPKcs,ICSKPVVLPKGPESESEDHR,490,509,DNAPKcs,VPTYKDYVDLFR,521,532,[K499-K525],
38875,Accepted,5.70E-30,3.07E-30,1.79E-17,42,1.685129071,0.843402142,1.076922202,Cross-linked,Intra,Bound,43.90987727,43.90987727,8162,4,907.2150231,Ku80,KDQVTAQEIFQDNHEDGPTAK,545,565,Ku80,TLFPLIEAKK,535,544,[K545-K543],
40890,Accepted,2.26E-27,1.12E-37,0.000746492,42,1.268448485,1.68603051,1.609463234,Cross-linked,Intra,Bound - Heavy,22.9221185,22.9105378,3790,5,609.5199816,DNAPKcs,ICSKPVVLPKGPESESEDHR,490,509,DNAPKcs,SELKMK,2759,2764,[K499-K2762],
28615,Accepted,1.41E-30,0,0,41,0.261364438,0.199338608,0.666536702,Dead end,,DE - OH - Heavy,47.12289506,47.12289506,8887,4,690.134541,DNAPKcs,HGDLPDIQIKHSSLITPLQAVAQR,2777,2800,,,,,[K2786-],
8337,Accepted,4.66E-22,0,0,41,1.736226992,2.034449132,2.803839518,Dead end,,DE - NH,57.93223884,57.93223884,11323,5,811.0307262,DNAPKcs,AGLLHNILPSQSTDLHHSVGTELLSLVYKGIAPGDER,1461,1497,,,,,[K1489-],
41428,Accepted,6.85E-34,0,0,41,0.028952637,0.07705808,0.185391528,Dead end,,DE - OH - Heavy,23.34925133,23.34925133,3895,4,582.5508928,DNAPKcs,ICSKPVVLPKGPESESEDHR,490,509,,,,,[K499-],
42309,Accepted,3.32E-22,1.00E-23,2.08E-13,41,0.036469566,0.321218504,1.535314537,Cross-linked,Intra,Bound,29.99106043,29.99106043,5222,6,609.6470643,DNAPKcs,ICSKPVVLPKGPESESEDHR,490,509,DNAPKcs,MKQDAQVVLYR,2763,2773,[K499-K2764],
41773,Accepted,1.23E-38,0,0,41,2.347227689,0.898899139,0.909097997,Dead end,,DE - NH,21.76736059,21.76736059,3568,4,580.7954725,DNAPKcs,ICSKPVVLPKGPESESEDHR,490,509,,,,,[K499-],
47966,Accepted,1.36E-21,5.97E-11,3.77E-20,41,0.427016589,0.819416476,1.186437239,Cross-linked,Intra,Bound - Heavy,36.64885627,36.64885627,6619,5,750.9878913,DNAPKcs,GHDEREHPFLVKGGEDLR,3742,3759,DNAPKcs,KGGSWIQEINVAEK,4023,4036,[K3753-K4023],
36789,Accepted,3.86E-39,0,0,41,0.409771981,0.524532698,1.74704861,Self Linked,,Bound - Heavy,17.35250424,17.35250424,2689,4,662.8321588,Ku70,KHDNEGSGSKRPKVEYSEEELK,544,565,,,,,[S552-K553],
32695,Accepted,7.27E-32,0,0,40,1.266865559,0.652259517,1.082412855,Dead end,,DE - NH - Heavy,20.17357698,20.15005646,3218,4,687.3532569,Ku80,KKDQVTAQEIFQDNHEDGPTAKK,544,566,,,,,[K565-],
32095,Accepted,3.70E-27,0,0,40,0.171721576,0.376611387,0.248963773,Dead end,,DE - OH - Heavy,21.09186945,21.09186945,3415,5,550.2808641,Ku80,KKDQVTAQEIFQDNHEDGPTAKK,544,566,,,,,[K565-],
31489,Accepted,3.21E-30,0,0,40,0.256319459,0.069727323,1.2247686,Dead end,,DE - NH,20.23217658,20.18110979,3224,4,685.8438406,Ku80,KKDQVTAQEIFQDNHEDGPTAKK,544,566,,,,,[K565-],
23422,Accepted,1.63E-29,0,0,40,0.243727546,0.55784828,1.165352924,Self Linked,,Bound,21.47484478,21.54208718,3516,5,642.5231728,Ku70,KHDNEGSGSKRPKVEYSEEELKTHISK,544,570,,,,,[K553-K556],
14844,Accepted,8.07E-26,0,0,40,0.34498469,1.055083917,1.57952057,Self Linked,,Bound,55.27411447,55.27411447,10743,4,872.4166225,DNAPKcs,SSFDWLTGSSTDPLVDHTSPSSDSLLFAHKR,2654,2684,,,,,[S2677-K2683],
14844,Accepted,2.38E-22,0,0,40,0.103916846,0.428876056,5.018244597,Self Linked,,Bound,54.73000201,54.73000201,10626,4,872.4166225,DNAPKcs,SSFDWLTGSSTDPLVDHTSPSSDSLLFAHKR,2654,2684,,,,,[S2675-K2683],
50161,Accepted,8.98E-27,3.09E-26,1.81E-11,40,1.331850862,0.964443857,0.314075245,Cross-linked,Intra,Bound - Heavy,45.2547348,45.2547348,8460,4,916.9777122,DNAPKcs,MYAALGDPKAPGLGAFR,3613,3629,DNAPKcs,FIQTFGKEFDKHFGK,3632,3646,[K3621-T3635],
44548,Accepted,1.13E-28,4.67E-33,1.30E-06,40,0.756192572,1.163440117,1.259087861,Cross-linked,Intra,Bound,59.62786756,59.62786756,11711,4,896.6808714,DNAPKcs,YPDAKMDPMNIWDDIITNR,3168,3186,DNAPKcs,KQNNFSLAMK,3248,3257,[K3172-K3248],
42467,Accepted,4.30E-38,0,0,40,0.901925734,0.88476159,1.909652526,Dead end,,DE - NH - Heavy,21.71089822,21.71089822,3553,4,582.3048888,DNAPKcs,ICSKPVVLPKGPESESEDHR,490,509,,,,,[K499-],
41013,Accepted,3.58E-38,0,0,40,0.151366008,0.047039166,0.901828908,Dead end,,DE - OH,23.50753151,23.50753151,3924,4,581.0414766,DNAPKcs,ICSKPVVLPKGPESESEDHR,490,509,,,,,[K499-],
29319,Accepted,1.77E-32,0,0,39,0.716958478,0.564086326,0.174322545,Dead end,,DE - NH,46.01548981,46.01548981,8627,4,688.3791207,DNAPKcs,HGDLPDIQIKHSSLITPLQAVAQR,2777,2800,,,,,[K2786-],
19034,Accepted,1.06E-14,9.60E-24,0.001058531,39,1.769863992,1.24259436,0.581141048,Cross-linked,Intra,Bound,59.360858,59.360858,11654,5,824.2405218,DNAPKcs,SQGCSEQVLTVLKTVSLLDENNVSSYLSK,3290,3318,DNAPKcs,LLKELHK,3258,3264,[K3302-K3260],
16409,Accepted,7.74E-32,0,0,39,0.304139935,1.244510695,0.045383378,Dead end,,DE - NH,53.86565605,53.81973772,10412,4,925.4489587,Ku80,KEDIQKETVYCLNDDDETEVLKEDIIQGFR,286,315,,,,,[K291-],
12213,Accepted,2.85E-20,0,0,39,0.846023323,0.411676078,1.278067219,Dead end,,DE - OH,49.29841776,49.29841776,9371,5,776.1720088,DNAPKcs,SSFDWLTGSSTDPLVDHTSPSSDSLLFAHKRSER,2654,2687,,,,,[S2685-],
51688,Accepted,1.04E-28,8.39E-31,3.34E-13,39,0.270888478,3.578732508,0.711377503,Cross-linked,Inter,Bound - Heavy,51.90089813,51.87439275,9964,4,890.977908,Ku70,TFNTSTGGLLLPSDTKR,302,318,DNAPKcs,AFLGELKTQMTSAVR,199,213,[K317-K205],
54598,Accepted,7.15E-30,1.49E-41,0.008481858,39,1.540132413,1.220836681,4.469395427,Cross-linked,Intra,Bound,54.26029949,54.26029949,10515,4,670.1130052,DNAPKcs,MKLSDFNDITNMLLLK,3654,3669,DNAPKcs,TPVNKK,3599,3604,[K3655-K3603],
47027,Accepted,6.45E-27,2.99E-14,5.96E-23,39,1.177580534,0.545673506,0.856250758,Cross-linked,Intra,Bound,36.82145029,36.82145029,6662,5,749.7803583,DNAPKcs,GHDEREHPFLVKGGEDLR,3742,3759,DNAPKcs,KGGSWIQEINVAEK,4023,4036,[K3753-K4023],
56279,Accepted,9.82E-34,3.19E-46,0.004298212,39,0.591583444,0.460763196,0.6268403,Cross-linked,Intra,Bound - Heavy,54.23332552,54.23332552,10509,4,671.6224215,DNAPKcs,MKLSDFNDITNMLLLK,3654,3669,DNAPKcs,TPVNKK,3599,3604,[K3655-K3603],
39026,Accepted,3.82E-21,5.75E-24,9.08E-11,39,1.237748473,1.205743425,0.725921841,Cross-linked,Intra,Bound,43.91655411,43.91655411,8164,5,725.9734738,Ku80,KDQVTAQEIFQDNHEDGPTAK,545,565,Ku80,TLFPLIEAKK,535,544,[K545-K543],
32689,Accepted,3.73E-32,4.08E-33,9.18E-12,38,0.278672099,0.137265994,0.368358936,Cross-linked,Intra,Bound,70.34963189,70.37547784,13780,4,1075.038396,Ku80,YAPTEAQLNAVDALIDSMSLAKK,444,466,Ku80,DEKTDTLEDLFPTTK,467,481,[K465-K469],
32427,Accepted,1.46E-26,0,0,38,0.386160486,0.259779613,1.218416489,Dead end,,DE - OH,21.10834186,21.10834186,3419,5,549.0733311,Ku80,KKDQVTAQEIFQDNHEDGPTAKK,544,566,,,,,[K565-],
18439,Accepted,1.95E-17,1.02E-22,1.70E-07,38,1.272129177,0.732822454,1.558685329,Cross-linked,Intra,Bound,54.42771239,54.42771239,10554,4,1091.304299,DNAPKcs,AQEPESGLSEETQVKCLMDQATDPNILGR,4091,4119,DNAPKcs,LLPAELPAKR,2900,2909,[K4105-K2908],
16696,Accepted,2.32E-21,0,0,38,0.454953794,0.649144208,1.61628748,Self Linked,,Bound,56.43782822,56.43782822,11003,4,833.391347,DNAPKcs,SSFDWLTGSSTDPLVDHTSPSSDSLLFAHK,2654,2683,,,,,[S2672-S2674;S2672-S2675;S2674-S2675],
50743,Accepted,7.22E-30,1.85E-29,3.98E-11,38,0.564884228,0.519068032,0.769005331,Cross-linked,Intra,Bound,45.24804914,45.22645035,8452,4,915.468296,DNAPKcs,MYAALGDPKAPGLGAFR,3613,3629,DNAPKcs,FIQTFGKEFDKHFGK,3632,3646,[K3621-K3638],
51642,Accepted,4.45E-26,3.17E-26,8.20E-12,38,0.290279273,0.195726305,0.552015057,Cross-linked,Inter,Bound,52.08774988,52.08774988,10006,4,889.4684917,Ku70,TFNTSTGGLLLPSDTKR,302,318,DNAPKcs,AFLGELKTQMTSAVR,199,213,[K317-K205],
41249,Accepted,2.09E-35,0,0,38,5.012777929,0.473935441,0.416918832,Dead end,,DE - OH,25.56741861,25.57417833,4338,4,606.8327471,DNAPKcs,HLKKTKNLSSNEAISLEEIR,833,852,,,,,[K835-;K836-],
26103,Accepted,1.16E-31,0,0,37,0.117484111,0.195310857,0.471947491,Dead end,,DE - OH,53.25542677,53.19183046,10264,4,768.902623,Ku70,IISSDRDLLAVVFYGTEKDKNSVNFK,75,100,,,,,[K92-],
25881,Accepted,7.97E-24,0,0,37,1.042909727,1.447300032,4.923077902,Dead end,,DE - OH - Heavy,49.425659,49.425659,9399,4,714.3904833,DNAPKcs,KLAGANPAVITCDELLLGHEKAPAFR,4050,4075,,,,,[K4070-],
19819,Accepted,6.27E-29,0,0,37,0.302488395,2.085187496,4.021176036,Dead end,,DE - OH,53.08347396,53.07851974,10237,4,814.9357231,DNAPKcs,AGLLHNILPSQSTDLHHSVGTELLSLVYK,1461,1489,,,,,[S1470-;S1472-],
17202,Accepted,5.79E-20,0,0,37,5.895760633,0.822569433,0.283866072,Self Linked,,Bound - Heavy,55.77698443,55.77698443,10855,4,834.9007632,DNAPKcs,SSFDWLTGSSTDPLVDHTSPSSDSLLFAHK,2654,2683,,,,,[S2672-S2674],
14169,Accepted,1.59E-19,0,0,37,1.681195686,0.4156442,0.257269672,Self Linked,,Bound,61.23223496,61.23223496,12071,4,936.7602413,Ku80,EPLPPIQQHIWNMLNPPAEVTTKSQIPLSKIK,503,534,,,,,[S531-K532],
50747,Accepted,1.13E-33,2.36E-39,1.71E-07,37,0.426695379,0.344112077,0.938965052,Cross-linked,Intra,Bound,44.73074475,44.73074475,8344,4,780.6467335,DNAPKcs,VINAKDVDFMYVELIQR,375,391,DNAPKcs,NAEMHKNK,330,337,[K379-K335],
66025,Accepted,2.11E-34,9.42E-29,1.00E-13,37,0.817241911,0.384874386,0.783000097,Cross-linked,Intra,Bound - Heavy,23.04464344,23.04464344,3824,4,519.7955939,DNAPKcs,APLKSVGPDFGK,2691,2702,DNAPKcs,KGVAEQK,2746,2752,[K2694-K2746],
42950,Accepted,9.01E-26,0,0,37,0.331144009,0.384805677,0.267941317,Dead end,,DE - OH - Heavy,25.52773433,25.52773433,4327,4,608.3421633,DNAPKcs,HLKKTKNLSSNEAISLEEIR,833,852,,,,,[K835-;K836-],
29992,Accepted,6.76E-27,0,0,36,3.918903699,2.124826141,7.438393692,Self Linked,,Bound - Heavy,47.7366946,47.726149,9020,4,685.6319002,DNAPKcs,HGDLPDIQIKHSSLITPLQAVAQR,2777,2800,,,,,[K2786-S2788],
24778,Accepted,9.41E-23,0,0,36,1.683895691,0.55760418,0.147247791,Self Linked,,Bound - Heavy,49.18092389,49.18092389,9341,4,767.4138877,Ku70,VEYSEEELKTHISKGTLGKFTVPMLK,557,582,,,,,[S569-K570],
24555,Accepted,5.08E-26,6.00E-38,2.01E-05,36,0.159748559,0.371450828,0.577437816,Cross-linked,Intra,Bound,30.30572513,30.16580413,5259,4,1026.950408,Ku70,TEGDEEAEEEQEENLEASGDYKYSGR,10,35,Ku70,ETNEPVKTK,291,299,[K31-K297],
23533,Accepted,4.62E-26,0,0,36,1.236080467,2.000171443,0.965609817,Dead end,,DE - OH,43.87469522,43.87469522,8153,4,790.1742371,DNAPKcs,SYRHGDLPDIQIKHSSLITPLQAVAQR,2774,2800,,,,,[K2786-],
16696,Accepted,7.97E-24,0,0,36,1.209030326,1.25045528,3.183378385,Self Linked,,Bound,55.80186066,55.80186066,10860,4,833.391347,DNAPKcs,SSFDWLTGSSTDPLVDHTSPSSDSLLFAHK,2654,2683,,,,,[S2674-S2675],
40123,Accepted,7.36E-32,0,0,36,0.099454821,0.084729784,0.664227026,Self Linked,,Bound - Heavy,21.10176704,21.10176704,3417,4,630.8084198,Ku70,HDNEGSGSKRPKVEYSEEELK,545,565,,,,,[S552-K553],
61404,Accepted,7.36E-25,2.27E-21,4.27E-14,36,0.314836146,0.211433799,1.811612448,Cross-linked,Inter,Bound - Heavy,52.14911306,52.14911306,10021,4,726.4246846,Ku80,FSKSQLDIIIHSLK,142,155,Ku70,KQELLEALTK,596,605,[K144-K596],
53570,Accepted,2.07E-18,1.06E-23,8.29E-07,36,0.269251918,0.239648172,0.21138616,Cross-linked,Inter,Bound - Heavy,35.25771933,35.25771933,6326,5,605.5268728,Ku80,KDEKTDTLEDLFPTTK,466,481,Ku70,THISKGTLGK,566,575,[K469-K570],
45056,Accepted,4.40E-25,9.81E-30,5.82E-05,36,0.761908587,0.894821751,0.793818426,Cross-linked,Intra,Bound - Heavy,59.48008294,59.48008294,11678,4,898.1902877,DNAPKcs,YPDAKMDPMNIWDDIITNR,3168,3186,DNAPKcs,KQNNFSLAMK,3248,3257,[K3172-K3248],
37647,Accepted,2.28E-32,0,0,36,0.334506033,0.032978584,0.004767209,Self Linked,,Bound,21.18693297,21.18693297,3438,4,629.2990036,Ku70,HDNEGSGSKRPKVEYSEEELK,545,565,,,,,[S552-K553],
63503,Accepted,3.27E-21,1.52E-21,7.09E-09,35,0.312446907,0.178916403,0.607016375,Cross-linked,Intra,Bound,44.40396646,44.40396646,8273,4,764.3945363,DNAPKcs,NNITQKLLQDFNR,2830,2842,DNAPKcs,EMDKFKTLSEK,2819,2829,[K2835-K2824],
28057,Accepted,9.66E-29,0,0,35,1.114536387,0.431035186,1.84718031,Dead end,,DE - NH - Heavy,54.46727799,54.46727799,10564,4,682.1207403,DNAPKcs,LAGANPAVITCDELLLGHEKAPAFR,4051,4075,,,,,[K4070-],
24818,Accepted,2.26E-23,0,0,35,1.306262745,1.307559182,1.308773712,Dead end,,DE - OH,49.46467014,49.46467014,9407,4,712.881067,DNAPKcs,KLAGANPAVITCDELLLGHEKAPAFR,4050,4075,,,,,[K4070-],
24555,Accepted,2.63E-26,1.37E-37,0.000373671,35,1.026592397,0.985564786,1.800570995,Cross-linked,Intra,Bound,30.68725881,30.8284853,5402,4,1026.950408,Ku70,TEGDEEAEEEQEENLEASGDYKYSGR,10,35,Ku70,ETNEPVKTK,291,299,[K31-K297],
14897,Accepted,7.25E-21,0,0,35,0.247799521,0.962857627,0.04348194,Self Linked,,Bound - Heavy,55.02012528,55.02012528,10689,4,873.9260387,DNAPKcs,SSFDWLTGSSTDPLVDHTSPSSDSLLFAHKR,2654,2684,,,,,[S2677-K2683],
61598,Accepted,1.52E-30,2.89E-27,3.01E-12,35,0.331532233,0.146670215,2.157179666,Cross-linked,Intra,Bound - Heavy,41.04340609,41.04340609,7539,4,789.9202962,DNAPKcs,KGGSWIQEINVAEK,4023,4036,DNAPKcs,EHPFLVKGGEDLR,3747,3759,[K4023-K3753],
42115,Accepted,1.02E-20,2.09E-27,0.001299741,35,0.935519561,0.597363492,1.414330939,Cross-linked,Intra,Bound,29.90334247,29.90334247,5205,5,645.5349131,DNAPKcs,ICSKPVVLPKGPESESEDHR,490,509,DNAPKcs,WKVPTYK,519,525,[K499-K520],
47743,Accepted,6.62E-35,0,0,35,0.77281488,0.698838559,0.925686887,Dead end,,DE - OH,24.00040204,24.00040204,4019,4,552.0225117,DNAPKcs,GHDEREHPFLVKGGEDLR,3742,3759,,,,,[K3753-],
41249,Accepted,1.12E-29,0,0,35,0.317316948,0.33242475,0.416918832,Dead end,,DE - OH,26.6712312,26.58712019,4541,4,606.8327471,DNAPKcs,HLKKTKNLSSNEAISLEEIR,833,852,,,,,[K835-;K836-],
43491,Accepted,1.66E-19,4.93E-29,0.026908415,35,0.814519422,0.199232748,0.024477574,Cross-linked,Intra,Bound,36.51669638,36.51669638,6591,4,735.3669829,DNAPKcs,TSALSDETKNNWEVSALSR,802,820,DNAPKcs,SELKMK,2759,2764,[K810-K2762],
42491,Accepted,4.76E-17,3.03E-21,7.89E-08,35,2.539316019,3.016183862,0.558418299,Cross-linked,Intra,Bound - Heavy,30.03126094,30.03126094,5231,6,610.6533418,DNAPKcs,ICSKPVVLPKGPESESEDHR,490,509,DNAPKcs,MKQDAQVVLYR,2763,2773,[K499-K2764],
59046,Accepted,8.46E-30,2.47E-34,4.10E-07,34,0.368166988,0.592287712,0.046052308,Cross-linked,Intra,Bound,41.23313636,41.18771764,7572,4,694.8620328,Ku70,NIYVLQELDNPGAKR,101,115,Ku70,DKNSVNFK,93,100,[K114-K94],
29771,Accepted,4.63E-26,0,0,34,0.291355826,0.125670193,0.755712629,Self Linked,,Bound,48.43325185,48.43325185,9178,4,684.1224839,DNAPKcs,HGDLPDIQIKHSSLITPLQAVAQR,2777,2800,,,,,[K2786-S2788],
45777,Accepted,3.44E-30,8.91E-33,7.56E-06,34,0.170229993,0.097777326,0.653278331,Cross-linked,Intra,Bound,20.92484431,20.92484431,3379,5,541.8823543,DNAPKcs,GHDEREHPFLVKGGEDLR,3742,3759,DNAPKcs,MLKK,4020,4023,[K3753-K4022],
50236,Accepted,5.80E-28,0,0,34,0.290293883,0.296492983,2.083609782,Dead end,,DE - OH - Heavy,20.88182905,20.88182905,3368,4,549.0471448,Ku70,RPKVEYSEEELKTHISK,554,570,,,,,[K556-],
49023,Accepted,2.54E-36,1.14E-38,3.83E-06,34,0.808282353,0.398173705,0.794270011,Cross-linked,Intra,Bound - Heavy,20.88610171,20.88610171,3369,4,678.61054,DNAPKcs,GHDEREHPFLVKGGEDLR,3742,3759,DNAPKcs,MLKK,4020,4023,[K3753-K4022],
42740,Accepted,2.72E-23,2.73E-33,0.994435267,34,0.563362337,3.53443638,12.23686452,Cross-linked,Intra,Bound - Heavy,16.18160109,16.14114853,2451,5,563.0973207,DNAPKcs,ICSKPVVLPKGPESESEDHR,490,509,DNAPKcs,KEAR,2009,2012,[K499-K2009],
65619,Accepted,2.75E-27,3.94E-09,1.47E-27,33,0.70709266,0.775409583,0.65606521,Cross-linked,Intra,Bound - Heavy,36.49388663,36.49388663,6585,4,667.6165628,DNAPKcs,APLKSVGPDFGK,2691,2702,DNAPKcs,MKQDAQVVLYR,2763,2773,[K2694-K2764],
61853,Accepted,3.24E-23,8.85E-22,2.42E-08,33,0.424297739,0.570844557,1.332952607,Cross-linked,Intra,Bound,41.68330903,41.68330903,7675,5,630.9301593,DNAPKcs,KGGSWIQEINVAEK,4023,4036,DNAPKcs,EHPFLVKGGEDLR,3747,3759,[K4023-K3753],
61853,Accepted,9.53E-22,3.27E-21,1.12E-08,33,1.07385278,0.939404651,1.332952607,Cross-linked,Intra,Bound,41.18104902,41.18104902,7570,5,630.9301593,DNAPKcs,KGGSWIQEINVAEK,4023,4036,DNAPKcs,EHPFLVKGGEDLR,3747,3759,[K4023-K3753],
61350,Accepted,6.08E-31,9.81E-30,2.52E-09,33,0.852947146,1.04753571,4.852973235,Cross-linked,Intra,Bound - Heavy,26.19657737,26.19657737,4472,4,639.6078961,Ku80,AFREEAIKFSEEQR,641,654,Ku80,VLVKQK,600,605,[K648-K603],
59651,Accepted,9.37E-26,4.64E-29,4.20E-07,33,0.113199372,0.149153592,0.792680403,Cross-linked,Intra,Bound - Heavy,41.13394876,41.13394876,7558,4,696.371449,Ku70,NIYVLQELDNPGAKR,101,115,Ku70,DKNSVNFK,93,100,[K114-K94],
32387,Accepted,6.12E-23,5.16E-22,9.18E-10,33,0.27263464,0.465720097,0.174632281,Cross-linked,Intra,Bound - Heavy,70.20435672,70.20435672,13754,4,1076.547812,Ku80,YAPTEAQLNAVDALIDSMSLAKK,444,466,Ku80,DEKTDTLEDLFPTTK,467,481,[K465-K469],
29992,Accepted,2.27E-23,0,0,33,0.753674506,0.791150425,0.145850857,Self Linked,,Bound - Heavy,48.31423731,48.31423731,9151,4,685.6319002,DNAPKcs,HGDLPDIQIKHSSLITPLQAVAQR,2777,2800,,,,,[K2786-S2789],
28678,Accepted,8.87E-15,1.04E-21,5.10E-05,33,1.252832264,1.01085405,1.783936416,Cross-linked,Inter,Bound - Heavy,56.7434187,56.66964312,11054,5,849.0449249,Ku80,ETVYCLNDDDETEVLKEDIIQGFR,292,315,Ku70,ALKPPPIKLYR,280,290,[K307-K287],
25229,Accepted,9.28E-25,0,0,33,1.090615509,0.492838701,1.490243824,Dead end,,DE - NH,48.13351116,48.15115338,9113,4,712.6350629,DNAPKcs,KLAGANPAVITCDELLLGHEKAPAFR,4050,4075,,,,,[K4070-],
16570,Accepted,2.70E-22,0,0,33,0.017001788,0.069428793,1.177953315,Dead end,,DE - OH,54.98413509,54.98413509,10681,4,837.8939878,DNAPKcs,SSFDWLTGSSTDPLVDHTSPSSDSLLFAHK,2654,2683,,,,,[S2674-;S2675-],
52976,Accepted,5.52E-31,0,0,33,0.03814303,2.417730621,1.329588744,Dead end,,DE - OH,20.96464074,20.96464074,3387,4,547.5377285,Ku70,RPKVEYSEEELKTHISK,554,570,,,,,[K556-],
52350,Accepted,3.27E-23,4.22E-28,0.000177325,33,0.707473521,0.383528103,0.451765014,Cross-linked,Inter,Bound - Heavy,41.68994391,41.68994391,7677,4,734.8953325,Ku80,YGSDIVPFSKVDEEQMK,316,332,Ku70,ALKPPPIK,280,287,[K325-K282],
50305,Accepted,7.28E-25,3.50E-27,6.79E-07,33,0.720348618,0.01477451,1.327421207,Cross-linked,Intra,Bound,45.19300108,44.97790704,8396,4,830.1811021,DNAPKcs,MYAALGDPKAPGLGAFR,3613,3629,DNAPKcs,KFIQTFGKEFDK,3631,3642,[K3621-K3638],
41969,Accepted,1.08E-21,1.42E-20,4.27E-10,33,0.056083437,0.753693849,1.271607137,Cross-linked,Intra,Bound,43.20599471,43.11320126,7987,4,955.233051,DNAPKcs,ICSKPVVLPKGPESESEDHR,490,509,DNAPKcs,VPTYKDYVDLFR,521,532,[K499-K525],
65002,Accepted,4.07E-22,1.40E-21,1.86E-09,33,0.559644613,0.040266727,1.891335551,Cross-linked,Intra,Bound,27.05020213,27.05020213,4637,4,604.3348576,DNAPKcs,APLKSVGPDFGK,2691,2702,DNAPKcs,EKEIKSELK,2754,2762,[K2694-K2758],
68011,Accepted,4.57E-26,6.29E-23,3.29E-11,33,0.232169705,0.29947253,1.746894585,Cross-linked,Intra,Bound - Heavy,40.78742527,40.78742527,7488,4,539.8150576,Ku80,FNNFLKALQEK,655,665,Ku80,KFLAPK,703,708,[K660-K703],
61662,Accepted,1.12E-20,5.41E-19,9.78E-07,32,0.548385427,0.146843419,1.420579077,Cross-linked,Intra,Bound,41.7375631,41.8165436,7698,4,788.41088,DNAPKcs,KGGSWIQEINVAEK,4023,4036,DNAPKcs,EHPFLVKGGEDLR,3747,3759,[K4023-K3753],
60860,Accepted,6.62E-21,7.36E-20,1.40E-08,32,0.280215982,0.381974498,0.48723562,Cross-linked,Intra,Bound - Heavy,41.06803637,41.06803637,7544,5,632.1376923,DNAPKcs,KGGSWIQEINVAEK,4023,4036,DNAPKcs,EHPFLVKGGEDLR,3747,3759,[K4023-K3753],
32065,Accepted,8.16E-35,0,0,32,0.199361549,0.123978346,0.025701508,Self Linked,,Bound,15.51147276,15.49549793,2325,4,700.348018,Ku70,RKHDNEGSGSKRPKVEYSEEELK,543,565,,,,,[K553-K556],
31370,Accepted,2.02E-26,8.49E-35,0.008569447,32,0.513025463,0.498583924,0.875336273,Cross-linked,Inter,Bound,57.36873542,57.36873542,11203,4,881.6960385,Ku80,KYAPTEAQLNAVDALIDSMSLAK,443,465,DNAPKcs,FSGKDPNSK,2260,2268,[K443-K2263;Y444-K2263],
28305,Accepted,5.32E-26,0,0,32,0.111622357,1.202403305,0.986990919,Dead end,,DE - OH,55.68101897,55.68101897,10834,4,680.8573281,DNAPKcs,LAGANPAVITCDELLLGHEKAPAFR,4051,4075,,,,,[K4070-],
22720,Accepted,4.48E-21,0,0,32,3.245461427,2.885210077,2.0879552,Dead end,,DE - OH - Heavy,43.62199161,43.62199161,8099,4,791.6836533,DNAPKcs,SYRHGDLPDIQIKHSSLITPLQAVAQR,2774,2800,,,,,[S2774-;Y2775-;K2786-],
19984,Accepted,2.48E-22,0,0,32,0.678524482,0.710020323,0.155504643,Dead end,,DE - OH - Heavy,52.96975729,52.92673558,10202,4,816.4451394,DNAPKcs,AGLLHNILPSQSTDLHHSVGTELLSLVYK,1461,1489,,,,,[S1470-],
17703,Accepted,3.68E-26,0,0,32,2.289250097,1.237684519,0.349546986,Self Linked,,Bound,60.1099695,60.1099695,11826,4,921.192322,Ku80,KEDIQKETVYCLNDDDETEVLKEDIIQGFR,286,315,,,,,[K286-K291],
64070,Accepted,3.41E-26,1.88E-22,1.01E-09,32,0.220008815,0.230775042,0.212051607,Cross-linked,Intra,Bound,38.84817802,38.84817802,7089,4,674.3641433,DNAPKcs,LGLPGDEVDNKVK,2705,2717,DNAPKcs,APLKSVGPDFGK,2691,2702,[K2715-K2694],
63180,Accepted,6.22E-23,2.77E-22,8.85E-08,32,0.259067728,0.12475333,0.652488907,Cross-linked,Intra,Bound - Heavy,38.70062482,38.70062482,7056,4,675.8735596,DNAPKcs,LGLPGDEVDNKVK,2705,2717,DNAPKcs,APLKSVGPDFGK,2691,2702,[K2715-K2694],
50664,Accepted,2.08E-14,2.69E-19,1.46E-05,32,0.582907635,0.804488069,3.736948344,Cross-linked,Inter,Bound,40.7802151,40.7802151,7486,5,659.361536,Ku70,TFNTSTGGLLLPSDTKR,302,318,Ku80,TWTVVDAKTLKK,275,286,[K317-K282],
69494,Accepted,6.33E-28,5.62E-25,1.25E-14,32,0.511151075,0.736154269,1.191016018,Cross-linked,Intra,Bound - Heavy,30.6627883,30.63889666,5359,4,621.3182601,DNAPKcs,NTCTSVYTKDR,109,119,DNAPKcs,KSLNSIEFR,71,79,[K117-K71],
69391,Accepted,2.91E-25,6.34E-33,9.78E-06,32,1.038638387,1.4988794,0.76320743,Cross-linked,Intra,Bound,25.62002255,25.62002255,4351,4,638.0965139,DNAPKcs,MKQDAQVVLYR,2763,2773,DNAPKcs,EKEIKSELK,2754,2762,[K2764-K2758],
34106,Accepted,1.61E-22,0,0,32,0.828419495,0.417296618,0.343093798,Self Linked,,Bound - Heavy,16.90171552,16.90171552,2594,5,530.4671823,Ku70,KHDNEGSGSKRPKVEYSEEELK,544,565,,,,,[S552-K553],
66453,Accepted,9.60E-25,6.37E-22,1.31E-10,32,1.056959677,0.673083796,0.97667213,Cross-linked,Intra,Bound - Heavy,21.8147717,21.8147717,3579,4,494.5364836,DNAPKcs,APLKSVGPDFGK,2691,2702,DNAPKcs,VKGAAGR,2716,2722,[K2694-K2717],
66414,Accepted,2.79E-30,2.26E-23,3.12E-12,32,0.202365244,0.666851892,0.341510169,Cross-linked,Intra,Bound,23.0988291,23.0988291,3838,4,518.2861777,DNAPKcs,APLKSVGPDFGK,2691,2702,DNAPKcs,KGVAEQK,2746,2752,[K2694-K2746],
36805,Accepted,1.86E-25,0,0,32,0.358046462,0.713917178,1.226241224,Self Linked,,Bound,16.97125271,16.97125271,2608,5,529.2596493,Ku70,KHDNEGSGSKRPKVEYSEEELK,544,565,,,,,[S552-K553],
69963,Accepted,2.41E-13,1.63E-12,3.53E-22,32,4.693876758,4.42251588,3.796203511,Cross-linked,Intra,Bound - Heavy,25.58633417,25.58633417,4342,4,625.3616269,DNAPKcs,SPVNTKSLFKR,1052,1062,DNAPKcs,SPVNTKSLFK,1052,1061,[K1057-K1057;K1061-K1057],
43420,Accepted,5.56E-20,1.99E-22,2.38E-05,32,0.766769804,0.13144235,1.126149822,Cross-linked,Intra,Bound - Heavy,57.30613151,57.30613151,11190,4,902.1890162,DNAPKcs,YPDAKMDPMNIWDDIITNR,3168,3186,DNAPKcs,KQNNFSLAMK,3248,3257,[K3172-K3248],
27678,Accepted,7.35E-23,0,0,31,3.120325711,0.137822091,0.431275446,Dead end,,DE - OH - Heavy,71.13577656,71.13577656,13890,4,730.3916854,DNAPKcs,LLLQGEADQSLLTFIDKAMHGELQK,3051,3075,,,,,[K3067-],
8361,Accepted,2.21E-26,0,0,31,1.67344487,0.929745578,2.649470913,Dead end,,DE - NH,57.69240663,57.69240663,11267,4,1013.536589,DNAPKcs,AGLLHNILPSQSTDLHHSVGTELLSLVYKGIAPGDER,1461,1497,,,,,[K1489-],
55704,Accepted,2.36E-24,0,0,31,1.07624293,0.830257961,1.014651575,Dead end,,DE - OH - Heavy,38.75845644,38.75845644,7069,4,509.5345176,DNAPKcs,ALKMSPYKDILETHLR,1405,1420,,,,,[K1407-],
69345,Accepted,5.56E-26,3.42E-27,0.000171173,31,0.155279725,0.113389187,0.625917333,Cross-linked,Intra,Bound,29.27183725,29.27183725,5086,4,552.7886543,DNAPKcs,DQEKLSLMYAR,2735,2745,DNAPKcs,KGVAEQK,2746,2752,[K2738-K2746],
67295,Accepted,9.27E-24,6.37E-19,1.16E-13,31,0.88150332,0.353747385,1.434554319,Cross-linked,Intra,Bound,50.93477151,50.93477151,9741,4,640.6170818,Ku70,GTLGKFTVPMLK,571,582,Ku70,KQELLEALTK,596,605,[K575-K596],
52515,Accepted,1.00E-24,5.41E-29,0.0008337,31,0.300459899,2.455848029,0.190499046,Cross-linked,Intra,Bound - Heavy,44.625792,44.625792,8322,4,782.1561497,DNAPKcs,VINAKDVDFMYVELIQR,375,391,DNAPKcs,NAEMHKNK,330,337,[K379-K335],
52440,Accepted,2.58E-18,3.14E-15,1.49E-11,31,2.750385437,1.19415739,2.178539668,Cross-linked,Inter,Bound,45.11991481,45.11991481,8426,4,893.4672203,Ku70,TFNTSTGGLLLPSDTKR,302,318,DNAPKcs,AFLGELKTQMTSAVR,199,213,[K317-K205],
70922,Accepted,2.57E-23,3.61E-22,1.17E-08,31,1.40823864,1.411696018,1.974991951,Cross-linked,Intra,Bound - Heavy,21.70647323,21.70647323,3552,5,427.8498454,DNAPKcs,LLPAELPAKR,2900,2909,DNAPKcs,GSKDHNIR,4083,4090,[K2908-S4084],
46731,Accepted,7.80E-21,5.01E-24,5.80E-09,31,0.325485947,0.646494316,0.053254992,Cross-linked plus a dead end,,Bound(+DE - OH - Heavy),42.71966883,42.71966883,7896,4,807.4360433,DNAPKcs,LGLPGDEVDNKVKGAAGR,2705,2722,DNAPKcs,APLKSVGPDFGK,2691,2702,[K2715-K2694],
44131,Accepted,4.27E-19,3.72E-27,0.001917016,31,1.178840218,1.148972165,0.541474799,Cross-linked,Intra,Bound - Heavy,36.48270579,36.48270579,6582,4,736.8763992,DNAPKcs,TSALSDETKNNWEVSALSR,802,820,DNAPKcs,SELKMK,2759,2764,[K810-K2762],
65462,Accepted,7.81E-23,1.05E-21,3.07E-10,30,0.962480221,0.438870862,2.850567509,Cross-linked,Intra,Bound - Heavy,26.97372747,26.97372747,4619,4,605.8442739,DNAPKcs,APLKSVGPDFGK,2691,2702,DNAPKcs,EKEIKSELK,2754,2762,[K2694-K2758],
63310,Accepted,1.64E-21,1.19E-19,2.12E-16,30,0.747653036,0.519193639,0.298748561,Cross-linked plus a dead end,,Bound(+DE - OH - Heavy),40.31572969,40.31572969,7390,4,736.405221,DNAPKcs,LGLPGDEVDNKVK,2705,2717,DNAPKcs,APLKSVGPDFGKK,2691,2703,[K2715-K2694;K2715-S2695;K2715-K2702],
33674,Accepted,2.49E-17,7.41E-19,2.94E-09,30,1.095664237,0.620764096,0.759941919,Cross-linked,Intra,Bound,56.93980055,56.93980055,11110,5,983.8846178,Ku80,YAPTEAQLNAVDALIDSMSLAK,444,465,Ku80,KKDQVTAQEIFQDNHEDGPTAK,544,565,[Y444-K544;Y444-K545],
29936,Accepted,1.77E-29,9.08E-29,6.64E-09,30,1.756483119,1.119173264,0.792007407,Cross-linked,Intra,Bound,64.3056107,64.30887803,12709,4,1107.062135,Ku80,KYAPTEAQLNAVDALIDSMSLAKK,443,466,Ku80,DEKTDTLEDLFPTTK,467,481,[K465-K469],
29771,Accepted,1.15E-19,0,0,30,0.463524422,1.411621467,3.679165738,Self Linked,,Bound,50.44919031,50.41524772,9622,4,684.1224839,DNAPKcs,HGDLPDIQIKHSSLITPLQAVAQR,2777,2800,,,,,[K2786-S2788],
27853,Accepted,4.78E-24,0,0,30,1.779553437,0.954699747,1.840652422,Dead end,,DE - OH - Heavy,55.64802385,55.57598724,10810,4,682.3667443,DNAPKcs,LAGANPAVITCDELLLGHEKAPAFR,4051,4075,,,,,[K4070-],
50835,Accepted,6.28E-16,1.58E-21,2.59E-06,30,0.6130137,1.123984118,1.410904696,Cross-linked,Inter,Bound - Heavy,40.65615083,40.65615083,7456,5,660.569069,Ku70,TFNTSTGGLLLPSDTKR,302,318,Ku80,TWTVVDAKTLKK,275,286,[K317-K282],
50747,Accepted,2.97E-25,1.65E-28,1.23E-05,30,0.461501966,1.011321589,0.938965052,Cross-linked,Intra,Bound,45.45393622,45.43334147,8501,4,780.6467335,DNAPKcs,VINAKDVDFMYVELIQR,375,391,DNAPKcs,NAEMHKNK,330,337,[K379-K335],
65713,Accepted,3.00E-24,3.20E-19,6.68E-14,30,0.109106185,0.507649279,0.773990798,Cross-linked,Intra,Bound - Heavy,50.89973903,50.89973903,9733,4,642.126498,Ku70,GTLGKFTVPMLK,571,582,Ku70,KQELLEALTK,596,605,[K575-K596],
50538,Accepted,1.17E-15,9.88E-12,1.87E-12,30,0.442229826,0.695076602,0.406714528,Cross-linked,Inter,Bound - Heavy,45.09837288,45.02276583,8405,4,894.9766365,Ku70,TFNTSTGGLLLPSDTKR,302,318,DNAPKcs,AFLGELKTQMTSAVR,199,213,[K317-K205],
53494,Accepted,2.19E-22,3.82E-29,0.015729625,30,1.049360152,0.55234041,1.087356834,Cross-linked,Intra,Bound,50.59068668,50.52987068,9648,4,674.1117337,DNAPKcs,MKLSDFNDITNMLLLK,3654,3669,DNAPKcs,TPVNKK,3599,3604,[K3655-K3603],
44100,Accepted,7.29E-19,0,0,30,0.329725013,0.331180723,1.436294458,Self Linked,,Bound,44.42143056,44.42143056,8277,4,578.5721695,DNAPKcs,ANQKHQGLKLATTILQHWK,1609,1627,,,,,[K1612-K1617],
72306,Accepted,1.28E-26,1.28E-16,2.10E-18,30,0.087282687,0.085933832,0.079302954,Cross-linked,Intra,Bound - Heavy,10.02443995,10.02443995,1418,4,491.7849613,DNAPKcs,EKEIKSELK,2754,2762,DNAPKcs,KGVAEQK,2746,2752,[K2758-K2746],
66193,Accepted,1.40E-23,1.58E-27,1.68E-05,30,1.741425419,0.851152993,2.497760603,Cross-linked,Intra,Bound - Heavy,30.69404218,30.69404218,5371,4,593.3314825,Ku70,IMATPEQVGKMK,452,463,Ku70,AYGLKSGLK,587,595,[K461-K591],
49781,Accepted,8.35E-16,2.99E-20,0.00044002,30,2.102091632,0.532988307,0.864257575,Cross-linked,Inter,Bound - Heavy,42.80295734,42.80295734,7915,5,674.5674179,Ku80,YGSDIVPFSKVDEEQMK,316,332,Ku70,ALKPPPIKLYR,280,290,[K325-K287],
43126,Accepted,9.02E-25,4.90E-21,2.20E-12,30,0.34230496,0.510983946,0.355313693,Cross-linked,Intra,Bound,52.80306169,52.89352831,10194,4,981.9799168,DNAPKcs,KGGSWIQEINVAEKNWYPR,4023,4041,DNAPKcs,EPSFDWKNFEQK,4008,4019,[K4036-K4014],
63135,Accepted,5.11E-31,3.10E-32,8.87E-06,29,0.282900903,0.388617024,0.707611818,Cross-linked,Intra,Bound,25.28334451,25.28334451,4275,4,528.5383749,DNAPKcs,EHPFLVKGGEDLR,3747,3759,DNAPKcs,MLKK,4020,4023,[K3753-K4022],
63447,Accepted,9.45E-22,2.31E-17,7.86E-10,29,0.227887516,3.838731637,2.900238557,Cross-linked,Intra,Bound - Heavy,35.47555334,35.47555334,6377,4,659.6009136,DNAPKcs,EHPFLVKGGEDLR,3747,3759,DNAPKcs,NFEQKMLK,4015,4022,[K3753-K4019],
70098,Accepted,4.23E-24,2.23E-18,1.08E-11,29,0.075851542,0.116985466,1.190773329,Cross-linked,Intra,Bound,40.90431085,40.90431085,7512,4,538.3056413,Ku80,FNNFLKALQEK,655,665,Ku80,KFLAPK,703,708,[K660-K703],
68394,Accepted,1.25E-18,1.98E-12,1.81E-14,29,0.05802639,0.541033261,0.947330085,Cross-linked,Intra,Bound,20.59845653,20.58959971,3305,4,579.5234517,DNAPKcs,SLKHSPEDPEK,690,700,DNAPKcs,CFGTGAAGNR,1312,1321,[K692-T1315],
47400,Accepted,1.26E-15,4.22E-11,1.37E-12,29,1.031352142,0.85467043,0.428006805,Cross-linked,Intra,Bound - Heavy,36.78891133,36.79128282,6653,6,625.9911222,DNAPKcs,GHDEREHPFLVKGGEDLR,3742,3759,DNAPKcs,KGGSWIQEINVAEK,4023,4036,[K3753-K4023],
44720,Accepted,5.04E-25,0,0,29,0.153113257,0.13101436,0.715416608,Self Linked,,Bound - Heavy,44.71725148,44.71725148,8341,4,580.0815858,DNAPKcs,ANQKHQGLKLATTILQHWK,1609,1627,,,,,[K1612-K1617],
61295,Accepted,5.17E-21,8.38E-32,0.00065567,28,0.100894074,0.259011672,1.098682462,Cross-linked plus a dead end,,Bound - Heavy(+DE - OH),16.60815906,16.60815906,2540,4,609.8213303,DNAPKcs,DTSTGHKNKEFVAR,3544,3557,DNAPKcs,KNIEK,3604,3608,[K3552-K3604],
32592,Accepted,8.05E-17,0,0,28,0.38112432,0.192174916,0.233728288,Self Linked,,Bound,15.59927563,15.59927563,2349,5,560.4798697,Ku70,RKHDNEGSGSKRPKVEYSEEELK,543,565,,,,,[K553-K556],
30036,Accepted,3.21E-14,5.43E-19,0.085138567,28,0.310051301,0.898394986,2.122774624,Cross-linked,Intra,Bound - Heavy,42.1384134,42.16385035,7765,5,695.5869001,DNAPKcs,HGDLPDIQIKHSSLITPLQAVAQR,2777,2800,DNAPKcs,SELKMK,2759,2764,[K2786-K2762],
25887,Accepted,2.78E-16,0,0,28,0.83264478,0.590714345,1.920605057,Self Linked,,Bound,49.28149118,49.28149118,9366,4,765.9044714,Ku70,VEYSEEELKTHISKGTLGKFTVPMLK,557,582,,,,,[K570-T572],
25185,Accepted,1.22E-22,0,0,28,1.31833996,0.820826907,0.809039829,Self Linked,,Bound,68.67966286,68.67714095,13511,4,761.3963847,DNAPKcs,LSDFNDITNMLLLKMNKDSKPPGNLK,3656,3681,,,,,[K3669-K3672],
64685,Accepted,5.13E-25,4.74E-22,1.73E-08,28,0.955242222,0.817466032,2.164181384,Cross-linked,Intra,Bound,21.85878455,21.85878455,3590,4,493.0270674,DNAPKcs,APLKSVGPDFGK,2691,2702,DNAPKcs,VKGAAGR,2716,2722,[K2694-K2717],
62795,Accepted,2.59E-24,2.36E-29,7.35E-05,28,0.598111163,0.377344687,0.463518803,Cross-linked,Intra,Bound,44.64581214,44.64581214,8326,4,638.5932961,DNAPKcs,NNITQKLLQDFNR,2830,2842,DNAPKcs,FKTLSEK,2823,2829,[K2835-K2824],
54365,Accepted,8.74E-27,0,0,28,0.093416727,0.09945406,0.018081475,Dead end,,DE - OH,35.4334968,35.4334968,6367,4,497.7470095,DNAPKcs,HECMAPLTALVKHMHR,2091,2106,,,,,[K2102-],
52797,Accepted,1.39E-16,1.56E-19,0.005782317,28,1.01315642,1.644045996,2.196743986,Cross-linked,Intra,Bound - Heavy,45.04086952,45.04086952,8409,5,625.9263751,DNAPKcs,VINAKDVDFMYVELIQR,375,391,DNAPKcs,NAEMHKNK,330,337,[K379-K335],
51947,Accepted,6.67E-18,3.19E-20,3.44E-08,28,1.123501193,0.975050506,0.980545649,Cross-linked,Inter,Bound - Heavy,45.97794924,45.97794924,8619,4,793.4357782,Ku70,TFNTSTGGLLLPSDTKR,302,318,Ku80,TWTVVDAKTLK,275,285,[K317-K282],
45752,Accepted,3.79E-14,5.86E-09,1.56E-11,28,1.409505041,1.969389937,1.585214499,Cross-linked,Intra,Bound,36.80419612,36.80841745,6658,6,624.9848447,DNAPKcs,GHDEREHPFLVKGGEDLR,3742,3759,DNAPKcs,KGGSWIQEINVAEK,4023,4036,[K3753-K4023],
69509,Accepted,6.01E-20,6.06E-21,6.21E-05,28,0.785020774,0.618483293,0.126285845,Cross-linked,Intra,Bound - Heavy,29.18198857,29.18198857,5069,4,554.2980705,DNAPKcs,DQEKLSLMYAR,2735,2745,DNAPKcs,KGVAEQK,2746,2752,[K2738-K2746],
62163,Accepted,6.29E-30,1.38E-25,8.40E-11,28,0.631637042,0.635736841,0.750667829,Cross-linked,Intra,Bound,26.3014279,26.3014279,4490,4,638.0984799,Ku80,AFREEAIKFSEEQR,641,654,Ku80,VLVKQK,600,605,[K648-K603],
71852,Accepted,2.25E-18,1.67E-05,2.74E-21,28,1.762785427,2.320890127,0.351328072,Cross-linked,Intra,Bound - Heavy,22.99524523,22.99524523,3811,4,563.5758024,Ku80,TLKKEDIQK,283,291,Ku80,KTWTVVDAK,274,282,[K285-K274],
44100,Accepted,8.30E-19,0,0,28,0.650051865,0.237715206,0.292098392,Self Linked,,Bound,44.93299636,44.93299636,8387,4,578.5721695,DNAPKcs,ANQKHQGLKLATTILQHWK,1609,1627,,,,,[K1612-K1617],
40302,Accepted,1.00E-22,1.04E-19,1.00E-11,28,1.383390208,0.139417153,2.048372433,Cross-linked,Intra,Bound,48.40278792,48.30339231,9148,4,1144.560624,Ku70,NSVNFKNIYVLQELDNPGAK,95,114,Ku70,IMLFTNEDNPHGNDSAKASR,166,185,[K100-K182],
60501,Accepted,6.92E-23,4.23E-26,0.0002221,28,2.404044485,3.386256286,1.298667629,Cross-linked,Intra,Bound - Heavy,25.79113351,25.79113351,4393,4,609.0857917,DNAPKcs,NVDSNNKELSIAIR,351,364,DNAPKcs,KGVAEQK,2746,2752,[K357-K2746],
70051,Accepted,4.32E-20,1.21E-23,1.64E-06,28,0.653577958,0.760659737,0.00505851,Cross-linked,Intra,Bound,25.33368689,25.33368689,4287,4,593.0600032,DNAPKcs,DQEKLSLMYAR,2735,2745,DNAPKcs,HVFHPKR,2222,2228,[K2738-K2227],
41020,Accepted,4.24E-18,5.08E-26,0.819316785,28,0.035727047,0.545235509,0.24733262,Cross-linked,Intra,Bound - Heavy,20.73947206,20.73947206,3337,6,493.2628782,DNAPKcs,ICSKPVVLPKGPESESEDHR,490,509,DNAPKcs,EKEIK,2754,2758,[K499-K2755],
40723,Accepted,9.31E-18,0,0,28,0.536451036,1.851390989,3.236367743,Dead end,,DE - OH - Heavy,25.60500433,25.60500433,4347,4,639.6059302,DNAPKcs,EKEIKSELKMKQDAQVVLYR,2754,2773,,,,,[K2762-],
71202,Accepted,9.49E-23,2.99E-18,2.49E-11,28,4.03655644,2.091594144,4.971918811,Cross-linked,Intra,Bound,30.5920562,30.5920562,5348,4,557.5312281,DNAPKcs,KQNNFSLAMK,3248,3257,DNAPKcs,MKMIDSAR,3240,3247,[K3248-K3241],
50218,Accepted,3.19E-18,2.74E-20,3.82E-05,28,1.037331399,0.993085765,0.454797533,Cross-linked,Intra,Bound,49.27706843,49.27706843,9365,4,798.1573631,DNAPKcs,MYAALGDPKAPGLGAFR,3613,3629,DNAPKcs,FIQTFGKEFDK,3632,3642,[K3621-K3638],
41013,Accepted,7.50E-23,0,0,28,0.053411454,0.800672891,2.064366251,Dead end,,DE - OH,23.90867163,23.90867163,4002,4,581.0414766,DNAPKcs,ICSKPVVLPKGPESESEDHR,490,509,,,,,[K499-],
63422,Accepted,5.91E-17,2.17E-19,3.96E-05,27,0.026505159,0.163830251,0.062671044,Cross-linked,Intra,Bound - Heavy,44.1538813,44.1538813,8220,4,765.9039525,DNAPKcs,NNITQKLLQDFNR,2830,2842,DNAPKcs,EMDKFKTLSEK,2819,2829,[K2835-K2824],
62523,Accepted,6.51E-25,9.44E-27,4.03E-05,27,2.221479563,0.522010164,0.191527165,Cross-linked,Intra,Bound - Heavy,47.4696784,47.42319294,8955,4,657.8701264,DNAPKcs,VEGMTELYFQLKSK,2405,2418,DNAPKcs,LKPVELR,2446,2452,[K2416-K2447],
29992,Accepted,3.58E-22,0,0,27,0.154857574,0.014975739,1.31265771,Self Linked,,Bound - Heavy,50.30473699,50.30473699,9594,4,685.6319002,DNAPKcs,HGDLPDIQIKHSSLITPLQAVAQR,2777,2800,,,,,[K2786-S2788],
29895,Accepted,1.09E-15,1.51E-11,4.09E-11,27,4.308657739,0.258352094,0.801344104,Cross-linked,Intra,Bound - Heavy,64.27943293,64.27467099,12702,5,887.0586964,Ku80,KYAPTEAQLNAVDALIDSMSLAKK,443,466,Ku80,DEKTDTLEDLFPTTK,467,481,[K465-K469],
16090,Accepted,9.55E-19,0,0,27,0.623437901,1.31168391,0.907615546,Dead end,,DE - OH - Heavy,44.13416121,44.13416121,8215,4,908.7244393,Ku80,TLFPLIEAKKKDQVTAQEIFQDNHEDGPTAK,535,565,,,,,[K543-;K544-;K545-],
63982,Accepted,4.86E-19,8.24E-22,2.28E-05,27,1.413961589,2.934458448,0.301068637,Cross-linked,Intra,Bound - Heavy,28.93020144,28.93020144,5019,4,607.8348178,DNAPKcs,MGQKIAPYSVEIK,96,108,DNAPKcs,AAQKGFNK,821,828,[K99-K824],
63766,Accepted,2.98E-22,1.43E-16,1.64E-11,27,0.437851075,0.731282158,0.755214134,Cross-linked,Intra,Bound,35.56819606,35.56819606,6397,4,658.0914974,DNAPKcs,EHPFLVKGGEDLR,3747,3759,DNAPKcs,NFEQKMLK,4015,4022,[K3753-K4019],
63699,Accepted,8.56E-22,2.08E-25,2.23E-05,27,0.394698077,0.539911802,1.112321486,Cross-linked,Intra,Bound - Heavy,44.51393967,44.51393967,8298,4,640.1027124,DNAPKcs,NNITQKLLQDFNR,2830,2842,DNAPKcs,FKTLSEK,2823,2829,[K2835-K2824],
51863,Accepted,1.69E-17,4.37E-15,3.73E-09,27,0.163208048,1.079975709,0.043971818,Cross-linked,Inter,Bound,42.97753068,42.97753068,7955,4,841.448037,Ku80,YGSDIVPFSKVDEEQMK,316,332,Ku70,ALKPPPIKLYR,280,290,[K325-K287],
61126,Accepted,1.42E-21,7.07E-24,0.001894497,27,0.215723185,1.142804826,1.081722274,Cross-linked,Intra,Bound,47.54482809,47.55396182,8982,4,656.3607101,DNAPKcs,VEGMTELYFQLKSK,2405,2418,DNAPKcs,LKPVELR,2446,2452,[K2416-K2447],
61023,Accepted,4.76E-21,2.16E-18,8.54E-10,27,2.897098068,2.935451804,2.321437893,Cross-linked,Inter,Bound - Heavy,31.69991106,31.61518929,5553,5,606.750816,Ku70,QIILEKEETEELKR,326,339,DNAPKcs,KKIPDTVLEK,164,173,[K331-K165],
50284,Accepted,1.54E-20,4.27E-23,0.001346737,27,0.072434355,0.399115224,0.054374499,Cross-linked,Inter,Bound - Heavy,49.44674158,49.44674158,9403,4,735.6389609,Ku80,TDTLEDLFPTTKIPNPR,470,486,Ku70,KMPFTEK,445,451,[K481-K445],
65673,Accepted,3.56E-24,7.06E-24,7.19E-09,27,1.559353867,0.808187689,2.156426997,Cross-linked,Intra,Bound,14.61889754,14.61889754,2174,5,498.0460743,Ku70,IMATPEQVGKMK,452,463,Ku70,KHDNEGSGSK,544,553,[K461-K544],
43867,Accepted,7.73E-26,1.53E-24,5.09E-10,27,1.450122818,0.65805233,2.158647262,Cross-linked,Intra,Bound,42.26239906,42.26239906,7788,4,889.1951994,DNAPKcs,TSALSDETKNNWEVSALSR,802,820,DNAPKcs,MKQDAQVVLYR,2763,2773,[K810-K2764],
59898,Accepted,1.46E-19,9.04E-23,0.000970934,27,0.308560984,1.305618541,0.617206355,Cross-linked,Intra,Bound,25.81393231,25.81393231,4401,4,607.5763754,DNAPKcs,NVDSNNKELSIAIR,351,364,DNAPKcs,KGVAEQK,2746,2752,[K357-K2746],
70059,Accepted,7.42E-21,9.44E-23,2.50E-07,27,1.819076312,1.168951027,2.21362375,Cross-linked,Intra,Bound,20.53164933,20.53164933,3292,4,647.8065661,DNAPKcs,MKQDAQVVLYR,2763,2773,DNAPKcs,GPESESEDHR,500,509,[K2764-S505],
69673,Accepted,8.17E-18,2.25E-22,9.81E-05,27,0.375324012,0.036122524,1.144002151,Cross-linked,Intra,Bound,25.32131836,25.32131836,4284,5,474.6494579,DNAPKcs,DQEKLSLMYAR,2735,2745,DNAPKcs,HVFHPKR,2222,2228,[K2738-K2227],
70499,Accepted,5.39E-23,2.33E-22,1.46E-07,27,1.258802461,1.103464084,0.731291743,Cross-linked,Intra,Bound,21.75097188,21.75097188,3564,5,426.6423124,DNAPKcs,LLPAELPAKR,2900,2909,DNAPKcs,GSKDHNIR,4083,4090,[K2908-K4085],
71111,Accepted,3.07E-22,3.01E-19,6.22E-09,27,0.246145007,0.38050777,1.859206243,Cross-linked,Intra,Bound,25.71850463,25.71850463,4375,4,561.5299567,DNAPKcs,KQNNFSLAMK,3248,3257,DNAPKcs,MKMIDSAR,3240,3247,[K3248-K3241],
44377,Accepted,4.02E-18,1.01E-17,4.63E-07,27,0.092031695,0.916810354,2.234565002,Cross-linked,Intra,Bound - Heavy,55.97038604,55.9378226,10892,4,902.1890162,DNAPKcs,YPDAKMDPMNIWDDIITNR,3168,3186,DNAPKcs,KQNNFSLAMK,3248,3257,[K3172-K3248],
43480,Accepted,4.78E-22,0,0,27,0.565104733,0.684595439,0.602322278,Dead end,,DE - OH - Heavy,29.11493226,29.11493226,5056,4,567.8023428,Ku70,VEYSEEELKTHISKGTLGK,557,575,,,,,[K570-],
65475,Accepted,7.20E-16,4.76E-17,2.72E-07,26,0.335337149,1.329736186,0.853351875,Cross-linked,Intra,Bound,38.46757649,38.46757649,7003,4,680.8445818,DNAPKcs,EPSFDWKNFEQK,4008,4019,DNAPKcs,AELAKTPVNK,3594,3603,[K4014-K3598],
65163,Accepted,3.77E-25,6.37E-15,5.26E-17,26,1.390538964,0.603957251,0.293171026,Cross-linked,Intra,Bound - Heavy,22.77471115,22.77471115,3761,4,600.332177,DNAPKcs,MNKDSKPPGNLK,3670,3681,DNAPKcs,KFIQTFGK,3631,3638,[K3675-K3631],
31654,Accepted,2.76E-22,0,0,26,0.309801959,0.043879739,0.806431581,Self Linked,,Bound - Heavy,16.19853711,16.17213068,2457,4,701.8574343,Ku70,RKHDNEGSGSKRPKVEYSEEELK,543,565,,,,,[K553-K556],
66751,Accepted,1.16E-22,9.46E-27,4.15E-06,26,1.797429158,0.327476594,0.111520005,Cross-linked,Intra,Bound,30.7446028,30.7446028,5381,4,591.8220662,Ku70,IMATPEQVGKMK,452,463,Ku70,AYGLKSGLK,587,595,[K461-K591],
71737,Accepted,1.16E-19,1.90E-15,9.75E-10,26,0.243893172,0.494990142,1.517877231,Cross-linked,Inter,Bound - Heavy,25.5576875,25.5576875,4334,4,534.2988117,Ku80,VDEEQMKYK,326,334,Ku70,ALKPPPIK,280,287,[K332-K282],
53749,Accepted,1.35E-20,0,0,26,1.264613761,0.738018656,1.15171277,Dead end,,DE - OH - Heavy,35.35262859,35.35262859,6347,4,499.2564258,DNAPKcs,HECMAPLTALVKHMHR,2091,2106,,,,,[K2102-],
58037,Accepted,6.75E-29,0,0,26,0.629646625,0.525745535,4.105663551,Self Linked,,Bound,28.15226156,28.15226156,4863,4,454.4941345,DNAPKcs,EFDKHFGKGGSKLLR,3639,3653,,,,,[S3649-K3650],
70350,Accepted,1.60E-21,6.25E-08,4.22E-21,26,0.414028466,0.40464102,1.874724169,Cross-linked,Intra,Bound - Heavy,22.99065973,22.99065973,3810,5,483.2710944,DNAPKcs,ALKLNSNEAR,3453,3462,DNAPKcs,GKPLPEYHVR,3709,3718,[K3455-K3710],
70308,Accepted,3.87E-25,1.17E-19,1.73E-14,26,0.785057301,0.911448771,0.192246112,Cross-linked,Intra,Bound,28.90115808,28.87552395,5007,4,561.7798927,DNAPKcs,GKPLPEYHVR,3709,3718,DNAPKcs,CFGTGAAGNR,1312,1321,[K3710-T1315],
40780,Accepted,8.56E-19,3.20E-12,2.34E-13,26,0.063401644,0.250227628,0.454088151,Cross-linked,Intra,Bound - Heavy,34.89388694,34.87596983,6244,5,823.2275204,DNAPKcs,ICSKPVVLPKGPESESEDHR,490,509,DNAPKcs,TKNLSSNEAISLEEIR,837,852,[K499-T837;K499-K838],
71163,Accepted,5.19E-22,1.14E-15,1.00E-11,26,0.6410658,2.270465319,1.151973487,Cross-linked,Intra,Bound - Heavy,31.69348727,31.68666385,5567,4,559.0406444,DNAPKcs,KQNNFSLAMK,3248,3257,DNAPKcs,MKMIDSAR,3240,3247,[K3248-K3241],
71163,Accepted,1.17E-18,5.96E-14,1.90E-10,26,0.220865125,0.99126048,1.151973487,Cross-linked,Intra,Bound - Heavy,30.36960972,30.36960972,5297,4,559.0406444,DNAPKcs,KQNNFSLAMK,3248,3257,DNAPKcs,MKMIDSAR,3240,3247,[K3248-K3241],
67540,Accepted,5.22E-15,2.00E-12,1.77E-11,25,0.703372926,0.194348134,2.430086931,Cross-linked,Intra,Bound - Heavy,32.66491973,32.66491973,5785,4,714.377737,DNAPKcs,EPSFDWKNFEQK,4008,4019,DNAPKcs,AELAKTPVNKK,3594,3604,[K4014-K3598],
66431,Accepted,3.43E-17,2.96E-11,2.92E-10,25,0.040216056,1.39386366,1.201865205,Cross-linked,Intra,Bound - Heavy,36.64246089,36.64246089,6617,5,532.5056408,DNAPKcs,APLKSVGPDFGK,2691,2702,DNAPKcs,MMPKLKPVELR,2442,2452,[K2694-K2445],
64599,Accepted,1.24E-17,4.86E-17,2.70E-06,25,1.15631764,0.304215773,2.790165119,Cross-linked,Intra,Bound - Heavy,14.53067132,14.53067132,2156,5,499.2536073,Ku70,IMATPEQVGKMK,452,463,Ku70,KHDNEGSGSK,544,553,[K461-K544],
61662,Accepted,2.84E-15,1.80E-10,1.79E-09,25,6.009655618,0.818054585,17.60503356,Cross-linked,Intra,Bound,41.00972584,41.00972584,7532,4,788.41088,DNAPKcs,KGGSWIQEINVAEK,4023,4036,DNAPKcs,EHPFLVKGGEDLR,3747,3759,[K4023-K3753],
61389,Accepted,1.91E-20,1.51E-21,2.23E-06,25,0.212772507,0.010147619,0.458728746,Cross-linked,Intra,Bound,41.52047894,41.52047894,7642,4,673.6006913,DNAPKcs,KGGSWIQEINVAEK,4023,4036,DNAPKcs,NFEQKMLK,4015,4022,[K4023-K4019;S4026-K4019],
28912,Accepted,1.30E-16,5.14E-17,3.46E-09,25,0.067458887,0.005957864,1.019305534,Cross-linked,Inter,Bound,56.66368511,56.63929409,11047,4,1059.544921,Ku80,ETVYCLNDDDETEVLKEDIIQGFR,292,315,Ku70,ALKPPPIKLYR,280,290,[K307-K287],
52794,Accepted,7.82E-16,9.64E-16,7.68E-06,25,0.784543808,2.030108659,1.526885988,Cross-linked,Intra,Bound - Heavy,49.09005189,49.09005189,9321,4,799.6667794,DNAPKcs,MYAALGDPKAPGLGAFR,3613,3629,DNAPKcs,FIQTFGKEFDK,3632,3642,[K3621-K3638],
39546,Accepted,5.95E-14,0,0,25,1.217429979,1.086441817,3.459665816,Self Linked,,Bound,66.4945127,66.4945127,13135,4,637.3447958,DNAPKcs,IMEFTTTLLNTSPEGWKLLKK,1341,1361,,,,,[K1357-K1360],
72213,Accepted,3.68E-20,1.29E-14,3.51E-10,25,0.504725063,0.430280406,0.741381123,Cross-linked,Inter,Bound,25.62653684,25.62653684,4353,4,532.7893955,Ku80,VDEEQMKYK,326,334,Ku70,ALKPPPIK,280,287,[K332-K282],
69481,Accepted,3.45E-21,1.52E-24,0.012444168,25,0.99079262,1.040582682,1.40796452,Cross-linked,Intra,Bound,34.27725749,34.27725749,6126,4,517.7687298,DNAPKcs,DQEKLSLMYAR,2735,2745,DNAPKcs,TGKWK,516,520,[K2738-K518],
50305,Accepted,9.96E-18,2.01E-22,0.015824409,25,0.510376633,0.020469249,0.19267084,Cross-linked,Intra,Bound,45.26267448,45.28909472,8468,4,830.1811021,DNAPKcs,MYAALGDPKAPGLGAFR,3613,3629,DNAPKcs,KFIQTFGKEFDK,3631,3642,[K3621-K3638],
50303,Accepted,3.50E-15,0,0,25,0.575820282,0.099778752,0.389132356,Dead end,,DE - OH - Heavy,20.91836919,20.91836919,3377,5,439.4391711,Ku70,RPKVEYSEEELKTHISK,554,570,,,,,[K556-],
68410,Accepted,3.41E-20,2.31E-11,8.32E-18,25,0.788354962,0.883367544,0.620252334,Cross-linked,Intra,Bound - Heavy,31.86014139,31.86014139,5606,5,511.0823176,DNAPKcs,YFEGVSPKSLK,682,692,DNAPKcs,GKPLPEYHVR,3709,3718,[K689-K3710],
70437,Accepted,4.77E-19,1.30E-16,2.37E-08,25,0.367884071,0.449256961,0.546788294,Cross-linked,Intra,Bound - Heavy,28.79527304,28.79527304,4990,4,563.2893089,DNAPKcs,GKPLPEYHVR,3709,3718,DNAPKcs,CFGTGAAGNR,1312,1321,[K3710-T1315],
36786,Accepted,7.57E-18,1.53E-16,4.11E-09,25,1.660817904,0.008370636,1.850714702,Cross-linked,Intra,Bound - Heavy,46.99030374,46.99030374,8856,4,1206.850514,Ku70,DKNSVNFKNIYVLQELDNPGAK,93,114,Ku70,IMLFTNEDNPHGNDSAKASR,166,185,[K100-K182],
70060,Accepted,9.41E-18,9.03E-17,3.74E-07,25,0.854965319,1.154723889,0.253303904,Cross-linked,Intra,Bound,30.7113687,30.7113687,5374,4,619.8088439,DNAPKcs,NTCTSVYTKDR,109,119,DNAPKcs,KSLNSIEFR,71,79,[K117-K71],
69236,Accepted,4.74E-20,1.82E-21,3.59E-07,25,1.457745261,1.364086138,0.704711656,Cross-linked,Intra,Bound - Heavy,25.25762888,25.25762888,4269,4,594.5694195,DNAPKcs,DQEKLSLMYAR,2735,2745,DNAPKcs,HVFHPKR,2222,2228,[K2738-K2227],
70461,Accepted,1.47E-22,2.02E-20,4.01E-10,25,1.027881605,2.310244854,1.163746952,Cross-linked,Intra,Bound,23.04021843,23.04021843,3823,5,482.0635614,DNAPKcs,GKPLPEYHVR,3709,3718,DNAPKcs,ALKLNSNEAR,3453,3462,[K3710-K3455],
42962,Accepted,4.04E-17,1.53E-14,5.44E-08,25,0.639471442,0.611001408,0.961780592,Cross-linked,Intra,Bound,54.94304873,54.94304873,10672,4,960.7180766,DNAPKcs,DLLLNTMSQEEKAAYLSDPR,3814,3833,DNAPKcs,APPCEYKDWLTK,3834,3845,[K3825-K3840],
71163,Accepted,1.93E-18,6.64E-13,7.33E-11,25,0.867094968,1.14255841,2.425583926,Cross-linked,Intra,Bound - Heavy,30.89037293,30.89037293,5417,4,559.0406444,DNAPKcs,KQNNFSLAMK,3248,3257,DNAPKcs,MKMIDSAR,3240,3247,[K3248-K3241],
62000,Accepted,1.30E-17,1.58E-12,1.72E-10,24,1.508346145,0.776322393,2.389244752,Cross-linked,Inter,Bound,52.86237525,52.86237525,10186,4,724.9152684,Ku80,FSKSQLDIIIHSLK,142,155,Ku70,KQELLEALTK,596,605,[K144-K596],
61739,Accepted,8.41E-19,3.21E-19,2.41E-05,24,0.310181035,0.586672468,0.468003227,Cross-linked,Intra,Bound,26.36950682,26.36950682,4502,5,510.6802392,Ku80,AFREEAIKFSEEQR,641,654,Ku80,VLVKQK,600,605,[K648-K603],
30448,Accepted,3.08E-17,3.98E-17,1.27E-06,24,0.497153691,4.504970952,2.114117251,Cross-linked,Intra,Bound,58.24716559,58.29749278,11411,4,880.9681287,Ku80,EPLPPIQQHIWNMLNPPAEVTTK,503,525,Ku80,SQIPLSK,526,532,[T524-S526],
23312,Accepted,2.04E-24,0,0,24,0.907041418,0.299950866,1.080740709,Self Linked,,Bound,21.34961467,21.34961467,3474,4,802.9021469,Ku70,KHDNEGSGSKRPKVEYSEEELKTHISK,544,570,,,,,[K553-K556],
63612,Accepted,2.83E-14,2.05E-20,84.19468437,24,2.001862385,1.840278958,2.22050594,Cross-linked,Intra,Bound - Heavy,21.81974427,21.81974427,3581,4,523.3041628,DNAPKcs,MGQKIAPYSVEIK,96,108,DNAPKcs,HLKK,833,836,[K99-K835],
51800,Accepted,7.75E-21,0,0,24,0.048201703,0.165994944,0.883042553,Dead end,,DE - OH - Heavy,25.94015735,25.94015735,4426,4,536.780475,DNAPKcs,EHPFLVKGGEDLRQDQR,3747,3763,,,,,[K3753-],
70783,Accepted,1.50E-18,2.01E-16,6.05E-09,24,0.813618178,0.422934017,0.280889283,Cross-linked,Intra,Bound,38.48763155,38.47643049,7005,4,551.8188454,Ku70,KQELLEALTK,596,605,Ku70,AYGLKSGLK,587,595,[K596-K591],
57911,Accepted,2.09E-15,9.47E-17,4.09E-05,24,0.739756503,0.915267507,1.322482211,Cross-linked,Intra,Bound - Heavy,42.44300528,42.44347825,7832,4,692.6369167,Ku70,NIYVLQELDNPGAKR,101,115,Ku70,AYGLKSGLK,587,595,[K114-K591],
70159,Accepted,2.36E-24,1.48E-28,0.001056044,24,0.007265114,0.007265114,0.300421153,Cross-linked,Inter,Bound,10.12544692,10.11559515,1441,4,422.7398734,Ku70,THISKGTLGK,566,575,Ku80,KFEK,126,129,[K570-K126],
70397,Accepted,2.53E-18,2.01E-18,2.43E-06,24,0.990185361,1.080432578,1.941668466,Cross-linked,Intra,Bound - Heavy,21.48201836,21.48201836,3502,4,567.0381014,DNAPKcs,KQNNFSLAMK,3248,3257,DNAPKcs,MKMIDSAR,3240,3247,[K3248-K3241],
70319,Accepted,2.87E-18,1.58E-10,7.03E-14,24,9.875394141,0.949067733,1.049262837,Cross-linked,Intra,Bound,23.03370188,23.03370188,3821,4,602.3276327,DNAPKcs,ALKLNSNEAR,3453,3462,DNAPKcs,GKPLPEYHVR,3709,3718,[K3455-K3710],
69727,Accepted,3.44E-16,1.85E-24,34.46122626,24,0.477201811,0.735722127,1.882341079,Cross-linked,Intra,Bound,27.23088938,27.23088938,4677,4,488.7530806,DNAPKcs,DQEKLSLMYAR,2735,2745,DNAPKcs,KEAR,2009,2012,[K2738-K2009],
49879,Accepted,1.56E-14,2.29E-15,4.46E-05,24,0.08531955,1.008108534,0.172270435,Cross-linked,Inter,Bound,42.83322524,42.83322524,7922,5,673.3598849,Ku80,YGSDIVPFSKVDEEQMK,316,332,Ku70,ALKPPPIKLYR,280,290,[K325-K287],
44377,Accepted,5.97E-16,9.56E-14,4.46E-07,24,0.529236747,0.259760337,2.199095716,Cross-linked,Intra,Bound - Heavy,55.65318057,55.34210171,10759,4,902.1890162,DNAPKcs,YPDAKMDPMNIWDDIITNR,3168,3186,DNAPKcs,KQNNFSLAMK,3248,3257,[K3172-K3248],
43267,Accepted,7.63E-17,0,0,24,0.490736083,0.127563729,0.137611989,Dead end,,DE - OH - Heavy,53.73733018,53.73733018,10392,4,566.8110789,Ku70,TKAGDLRDTGIFLDLMHLK,188,206,,,,,[K189-],
67521,Accepted,7.03E-15,1.51E-15,9.92E-07,23,0.228079471,0.031355616,1.535487417,Cross-linked,Intra,Bound,41.46173512,41.46173512,7630,4,683.8219501,DNAPKcs,EPSFDWKNFEQK,4008,4019,DNAPKcs,NIEKMYER,3605,3612,[K4014-K3608],
65392,Accepted,9.18E-18,9.75E-07,4.49E-17,23,0.800176163,1.184701114,2.939100044,Cross-linked,Intra,Bound,22.82888022,22.82888022,3774,4,598.8227607,DNAPKcs,MNKDSKPPGNLK,3670,3681,DNAPKcs,KFIQTFGK,3631,3638,[K3675-K3631],
61350,Accepted,2.92E-20,4.57E-17,3.17E-06,23,0.285810616,0.486895577,0.162599619,Cross-linked,Intra,Bound - Heavy,26.78345913,26.78345913,4579,4,639.6078961,Ku80,AFREEAIKFSEEQR,641,654,Ku80,VLVKQK,600,605,[K648-K603],
60512,Accepted,7.62E-19,5.20E-20,0.003201467,23,1.286892695,0.569096364,1.508143078,Cross-linked,Intra,Bound - Heavy,26.25705242,26.25705242,4482,5,511.8877722,Ku80,AFREEAIKFSEEQR,641,654,Ku80,VLVKQK,600,605,[K648-K603],
60512,Accepted,1.10E-14,9.37E-17,0.00769758,23,1.121900938,1.262304488,2.398963342,Cross-linked,Intra,Bound - Heavy,25.46581993,25.46581993,4313,5,511.8877722,Ku80,AFREEAIKFSEEQR,641,654,Ku80,VLVKQK,600,605,[K648-K603],
23666,Accepted,2.05E-16,0,0,23,0.387727954,0.743843473,0.678246317,Dead end,,DE - OH,21.19146178,21.19146178,3439,5,632.5135712,Ku70,ELVYPPDYNPEGKVTKRKHDNEGSGSK,527,553,,,,,[K539-;K542-],
72120,Accepted,1.14E-19,1.28E-19,8.63E-07,23,0.035356281,0.661364351,2.008085234,Cross-linked,Inter,Bound,27.54792222,27.54792222,4739,4,492.0109888,DNAPKcs,SKDFVQVMR,2417,2425,Ku70,TKAGDLR,188,194,[K2418-T188],
55513,Accepted,1.55E-18,9.11E-22,0.010758577,23,0.731245702,0.597394192,0.385148933,Cross-linked,Intra,Bound - Heavy,55.66707573,55.66707573,10831,4,656.8887479,DNAPKcs,SIELFYKFVPLLPGNR,1187,1202,DNAPKcs,IIEKK,1137,1141,[K1193-K1140],
48282,Accepted,1.43E-17,0,0,23,0.952833687,0.633204952,0.918850284,Dead end,,DE - NH,21.66822452,21.70002983,3550,4,551.7765076,DNAPKcs,GHDEREHPFLVKGGEDLR,3742,3759,,,,,[K3753-],
61977,Accepted,4.20E-18,2.69E-16,6.12E-06,23,0.588888166,0.583666454,2.045620197,Cross-linked,Inter,Bound - Heavy,51.30440855,51.29957323,9828,4,653.1026642,Ku80,FFMGNQVLKVFAAR,355,368,Ku70,KMPFTEK,445,451,[K363-K445],
69165,Accepted,5.40E-17,1.34E-23,13.29676102,23,0.917545991,0.952629828,0.139173823,Cross-linked,Intra,Bound,32.48805285,32.48805285,5743,4,524.5239278,DNAPKcs,DQEKLSLMYAR,2735,2745,DNAPKcs,EKEIK,2754,2758,[K2738-K2755],
68905,Accepted,4.25E-17,1.96E-10,7.11E-11,23,0.217700564,1.743130246,0.228902714,Cross-linked,Intra,Bound - Heavy,20.48270112,20.48270112,3281,4,581.0328679,DNAPKcs,SLKHSPEDPEK,690,700,DNAPKcs,CFGTGAAGNR,1312,1321,[K692-T1315],
69971,Accepted,2.67E-20,2.69E-20,1.01E-06,23,1.538224094,1.361107698,1.391798032,Cross-linked,Intra,Bound - Heavy,23.10841803,23.10841803,3842,4,546.0562409,Ku80,EEAIKFSEEQR,644,654,Ku80,VLVKQK,600,605,[K648-K603],
70504,Accepted,9.96E-21,2.11E-10,4.85E-18,23,0.979801939,0.907215827,2.199682472,Cross-linked,Inter,Bound - Heavy,18.96575598,18.96575598,2991,4,580.0837248,DNAPKcs,KKIPDTVLEK,164,173,Ku70,ETNEPVKTK,291,299,[K165-K297],
71581,Accepted,4.61E-18,4.47E-06,6.95E-16,23,1.309744976,2.023459412,2.4847896,Cross-linked,Intra,Bound,35.30389685,35.30389685,6337,4,550.5496327,Ku70,LEDLLRKVR,239,247,Ku70,VHFEESSK,231,238,[K245-S237],
68274,Accepted,2.52E-18,5.45E-17,9.58E-07,22,1.300066739,1.064860908,0.493300797,Cross-linked,Intra,Bound - Heavy,42.754847,42.754847,7904,4,583.8222885,Ku70,FTVPMLKEACR,576,586,Ku70,AYGLKSGLK,587,595,[K582-K591;K582-S592],
63945,Accepted,1.47E-14,1.09E-10,4.09E-06,22,0.563528403,2.600006462,0.357756149,Cross-linked,Intra,Bound - Heavy,24.18942002,24.18942002,4052,5,542.2688063,DNAPKcs,MGQKIAPYSVEIK,96,108,DNAPKcs,GPESESEDHR,500,509,[K99-S503],
25987,Accepted,2.18E-15,0,0,22,1.772021828,0.525198704,2.8837112,Self Linked,,Bound - Heavy,68.45422376,68.45422376,13474,4,762.905801,DNAPKcs,LSDFNDITNMLLLKMNKDSKPPGNLK,3656,3681,,,,,[K3669-K3672],
20075,Accepted,2.42E-18,0,0,22,0.411808356,0.180919715,1.131688892,Self Linked,,Bound,77.45124321,77.45124321,14845,4,837.6860522,Ku70,NLEALALDLMEPEQAVDLTLPKVEAMNKR,489,517,,,,,[K510-K516],
64223,Accepted,8.47E-20,0,0,22,0.564045802,0.564045802,0.982506572,Dead end,,DE - OH,17.66034733,17.66034733,2752,4,414.2465938,DNAPKcs,KRESKVPADLLKR,3873,3885,,,,,[K3873-],
69368,Accepted,5.99E-14,7.91E-14,7.99E-05,22,1.528610139,0.470932255,0.594754551,Cross-linked,Intra,Bound,40.70771787,40.70771787,7467,4,568.3016626,DNAPKcs,DQEKLSLMYAR,2735,2745,DNAPKcs,KYIEIR,2003,2008,[K2738-K2003],
44927,Accepted,6.20E-18,3.56E-15,2.84E-08,22,1.134099493,1.691697915,3.343783667,Cross-linked,Intra,Bound - Heavy,42.66279361,42.66660995,7883,4,890.7046157,DNAPKcs,TSALSDETKNNWEVSALSR,802,820,DNAPKcs,MKQDAQVVLYR,2763,2773,[S806-K2764;K810-K2764],
70877,Accepted,3.38E-27,2.91E-33,0.001638812,22,0.268663482,0.039647296,2.357614968,Cross-linked,Intra,Bound,20.78225114,20.78225114,3347,4,465.7249021,DNAPKcs,FNNYVDCMKK,1736,1745,DNAPKcs,KEAR,2009,2012,[K1744-K2009],
68687,Accepted,3.29E-20,9.79E-20,2.71E-05,22,1.436717908,1.282975965,1.513184842,Cross-linked,Intra,Bound,23.16381207,23.16381207,3854,4,544.5468246,Ku80,EEAIKFSEEQR,644,654,Ku80,VLVKQK,600,605,[K648-K603],
59601,Accepted,1.94E-15,8.56E-14,2.92E-07,22,1.227123134,0.336462226,0.511167396,Cross-linked,Intra,Bound - Heavy,53.18137868,53.18137868,10261,4,776.6536038,DNAPKcs,IGELFSKFYGELALK,149,163,DNAPKcs,NTCTSVYTKDR,109,119,[K155-K117],
48693,Accepted,1.88E-17,0,0,22,1.693395878,0.939115135,1.668215224,Dead end,,DE - NH - Heavy,21.65360419,21.65360419,3538,4,553.2859239,DNAPKcs,GHDEREHPFLVKGGEDLR,3742,3759,,,,,[K3753-],
64216,Accepted,6.42E-15,3.79E-14,0.000565897,21,0.003274082,0.553173559,0.352351349,Cross-linked,Intra,Bound - Heavy,35.50197977,35.50197977,6383,5,527.8821862,DNAPKcs,EHPFLVKGGEDLR,3747,3759,DNAPKcs,NFEQKMLK,4015,4022,[K3753-K4019],
70698,Accepted,1.70E-17,2.35E-14,2.16E-06,21,0.486592417,0.517803238,1.859206243,Cross-linked,Intra,Bound,26.75148756,26.75148756,4572,4,561.5299567,DNAPKcs,KQNNFSLAMK,3248,3257,DNAPKcs,MKMIDSAR,3240,3247,[K3248-K3241],
62163,Accepted,2.39E-18,6.26E-14,3.69E-08,21,0.619084451,0.646238009,0.750667829,Cross-linked,Intra,Bound,26.87279971,26.87279971,4598,4,638.0984799,Ku80,AFREEAIKFSEEQR,641,654,Ku80,VLVKQK,600,605,[K648-K603],
57482,Accepted,2.06E-16,0,0,21,0.95600242,0.041457018,0.60449916,Dead end,,DE - OH - Heavy,35.50640276,35.50640276,6384,4,488.0072958,DNAPKcs,FIQTFGKEFDKHFGK,3632,3646,,,,,[K3638-],
72796,Accepted,7.90E-18,1.17E-20,0.007406244,21,0.236212573,0.904858503,0.600197628,Cross-linked,Intra,Bound,21.1292538,21.1292538,3424,4,476.5097143,Ku80,KTWTVVDAK,274,282,Ku80,KEDIQK,286,291,[K274-K286],
71331,Accepted,1.19E-21,1.65E-27,0.933277164,21,1.456945282,1.456945282,0.681203263,Cross-linked,Inter,Bound - Heavy,10.10377678,10.10188935,1438,4,424.2492897,Ku70,THISKGTLGK,566,575,Ku80,KFEK,126,129,[K570-K126],
71112,Accepted,1.86E-21,1.07E-26,1.233340147,21,0.633479525,0.34742153,0.680600692,Cross-linked,Intra,Bound - Heavy,20.70689563,20.70689563,3330,4,467.2343183,DNAPKcs,FNNYVDCMKK,1736,1745,DNAPKcs,KEAR,2009,2012,[K1744-K2009],
52303,Accepted,2.06E-15,0,0,21,0.87472276,0.058471571,2.851634118,Dead end,,DE - NH - Heavy,24.37913434,24.37913434,4096,4,536.5344709,DNAPKcs,EHPFLVKGGEDLRQDQR,3747,3763,,,,,[K3753-],
57033,Accepted,9.35E-22,0,0,20,0.882988681,0.722183801,0.986834423,Self Linked,,Bound - Heavy,28.01187151,28.01187151,4834,4,456.0035507,DNAPKcs,EFDKHFGKGGSKLLR,3639,3653,,,,,[S3649-K3650],
74885,Accepted,5.47E-16,2.99E-11,6.93E-05,20,0.078734599,0.078734599,0.302568348,Cross-linked,Intra,Bound,17.59394346,17.59394346,2738,4,419.7398734,DNAPKcs,KGVAEQK,2746,2752,DNAPKcs,KYIEIR,2003,2008,[K2746-K2003],
72727,Accepted,8.22E-15,7.79E-17,0.007587621,20,1.14397804,1.40245665,1.820010843,Cross-linked,Intra,Bound - Heavy,21.05736229,21.05736229,3407,4,478.0191306,Ku80,KTWTVVDAK,274,282,Ku80,KEDIQK,286,291,[K274-K286],
71272,Accepted,6.25E-15,1.08E-11,1.08E-05,20,0.286182381,1.255078153,0.660699799,Cross-linked,Intra,Bound - Heavy,26.73875443,26.73875443,4569,4,563.0393729,DNAPKcs,KQNNFSLAMK,3248,3257,DNAPKcs,MKMIDSAR,3240,3247,[K3248-K3241],
71457,Accepted,1.31E-17,2.94E-06,1.35E-13,19,1.502792833,0.117121479,0.086947221,Cross-linked,Intra,Bound - Heavy,35.28378914,35.28378914,6332,4,552.0590489,Ku70,LEDLLRKVR,239,247,Ku70,VHFEESSK,231,238,[K245-S237],
71171,Accepted,6.15E-19,3.63E-10,3.05E-13,19,1.111212813,0.448982621,0.267448951,Cross-linked,Intra,Bound - Heavy,21.39423809,21.39423809,3483,4,493.5521328,Ku70,THISKGTLGK,566,575,Ku70,AIVEKLR,464,470,[K570-K468],
63149,Accepted,7.02E-17,0,0,18,0.129781321,0.447745211,0.970801372,Dead end,,DE - OH - Heavy,43.8237971,43.8237971,8141,4,436.7525769,DNAPKcs,LLNFLMKHVFHPK,2215,2227,,,,,[K2221-],
65715,Accepted,7.57E-15,2.58E-13,0.003606346,18,0.420668299,0.238418837,1.388060734,Cross-linked,Intra,Bound,31.72122103,31.72122103,5574,4,564.8167846,Ku70,IMATPEQVGKMK,452,463,Ku70,AIVEKLR,464,470,[K461-K468],
52211,Accepted,2.56E-17,2.27E-18,0.000625721,18,1.312705309,0.819493695,0.300554379,Cross-linked,Intra,Bound - Heavy,22.77697822,22.75568467,3757,4,661.859087,DNAPKcs,EHPFLVKGGEDLRQDQR,3747,3763,DNAPKcs,MLKK,4020,4023,[K3753-K4022],
72474,Accepted,1.96E-16,9.80E-13,3.57E-06,17,0.379789413,0.379789413,0.48532303,Cross-linked,Inter,Bound,11.36029089,11.36029089,1643,4,459.4877771,DNAPKcs,FSGKDPNSK,2260,2268,Ku70,TKAGDLR,188,194,[K2263-T188],
72102,Accepted,1.43E-17,1.33E-20,0.010664792,17,0.815960282,0.815960282,1.383850304,Cross-linked,Intra,Bound,15.8204119,15.8204119,2392,4,422.7335854,DNAPKcs,SVGPDFGKK,2695,2703,DNAPKcs,VKGAAGR,2716,2722,[K2702-K2717],
74288,Accepted,2.53E-15,2.74E-10,1.69E-06,17,0.434043412,0.434043412,1.974219376,Cross-linked,Intra,Bound,11.52064562,11.52064562,1670,4,425.9911592,DNAPKcs,KGVAEQK,2746,2752,DNAPKcs,EIKSELK,2756,2762,[K2746-K2758;K2746-S2759],
19506,Accepted,6.69E-15,0,0,16,0.287277405,0.101177087,1.74929448,Self Linked,,Bound - Heavy,77.3360344,77.3360344,14826,4,839.1954685,Ku70,NLEALALDLMEPEQAVDLTLPKVEAMNKR,489,517,,,,,[K510-K516],
74979,Accepted,6.69E-14,3.74E-12,0.006074344,15,0.50820303,0.50820303,0.135163254,Cross-linked,Intra,Bound,23.11491577,23.11491577,3844,4,384.7199489,DNAPKcs,KYIEIR,2003,2008,DNAPKcs,TGKWK,516,520,[K2003-K518],
902,Accepted,1.65E-16,0,0,18,5.251489475,3.180534707,0.070498863,Dead end,,DE - ABC,47.81281333,47.81281333,4531,4,680.611324,DNAPKcs,LAGANPAVITCDELLLGHEKAPAFR,4051,4075,,,,,[K4070-],
2462,Accepted,6.15E-15,1.84E-10,5.39E-08,18,5.353113365,4.686003972,0.01516894,Cross-linked,Inter,Bound,46.54924667,46.37538667,4384,4,724.9152684,Ku80,FSKSQLDIIIHSLK,142,155,Ku70,KQELLEALTK,596,605,[K144-K596;S145-K596],
2740,Accepted,1.48E-14,4.14E-07,4.57E-09,17,2.336484308,3.934164565,11.09170148,Cross-linked,Intra,Bound,33.62358333,33.62358333,2745,5,531.2981078,DNAPKcs,APLKSVGPDFGK,2691,2702,DNAPKcs,MMPKLKPVELR,2442,2452,[K2694-K2445],
999,Accepted,4.56E-18,0,0,17,4.405020934,4.579597884,1.278365329,Dead end,,DE - ABC,39.60085944,39.62463167,3485,4,688.3791207,DNAPKcs,HGDLPDIQIKHSSLITPLQAVAQR,2777,2800,,,,,[K2786-],
987,Accepted,2.18E-19,0,0,17,6.270094695,6.031753833,5.09119359,Self Linked,,Bound,41.58020056,41.60438167,3757,4,684.1224839,DNAPKcs,HGDLPDIQIKHSSLITPLQAVAQR,2777,2800,,,,,[K2786-S2788;K2786-S2789;S2788-S2789],
2126,Accepted,5.29E-15,0,0,17,4.531198138,4.136648475,4.135622425,Dead end,,Dead End,35.2448075,35.25875667,2941,4,508.0251014,DNAPKcs,ALKMSPYKDILETHLR,1405,1420,,,,,[K1407-],
1574,Accepted,1.73E-11,7.17E-08,2.52E-11,16,4.113474045,4.991997824,6.283697842,Cross-linked,Intra,Bound,28.47857833,28.433805,2230,5,731.3750218,DNAPKcs,ICSKPVVLPKGPESESEDHR,490,509,DNAPKcs,MKQDAQVVLYR,2763,2773,[K499-K2764],
852,Accepted,5.39E-14,0,0,16,3.006397884,10.07421356,4.296729369,Dead end,,DE - ABC,44.020655,43.99502667,4079,4,712.6350629,DNAPKcs,KLAGANPAVITCDELLLGHEKAPAFR,4050,4075,,,,,[K4070-],
2903,Accepted,8.21E-14,4.59E-13,0.000171435,15,4.207113244,10.63537886,1.674489515,Cross-linked,Intra,Bound,29.36250056,29.35577667,2324,4,557.5312281,DNAPKcs,KQNNFSLAMK,3248,3257,DNAPKcs,MKMIDSAR,3240,3247,[K3248-K3241],
2861,Accepted,3.35E-17,7.12E-14,7.59E-09,15,3.894389411,4.041946253,3.048454029,Cross-linked,Intra,Bound,37.02871417,37.05313667,3156,4,538.3056413,Ku80,FNNFLKALQEK,655,665,Ku80,KFLAPK,703,708,[K660-K703],
2849,Accepted,6.01E-14,1.99E-12,3.56E-05,15,5.715052675,6.583210421,5.081873589,Cross-linked,Intra,Bound,25.20479,25.20479,1895,4,638.0965139,DNAPKcs,MKQDAQVVLYR,2763,2773,DNAPKcs,EKEIKSELK,2754,2762,[K2764-K2758],
2738,Accepted,3.81E-16,1.07E-08,9.05E-13,15,3.27368512,3.473813045,4.722963894,Cross-linked,Intra,Bound,32.00684625,31.94723333,2574,4,666.1071466,DNAPKcs,APLKSVGPDFGK,2691,2702,DNAPKcs,MKQDAQVVLYR,2763,2773,[K2694-K2764],
1562,Accepted,1.14E-15,0,0,15,5.21222135,5.604626102,6.174683253,Dead end,,Dead End,26.10379222,26.09664833,2001,4,606.8327471,DNAPKcs,HLKKTKNLSSNEAISLEEIR,833,852,,,,,[K835-;K836-],
1460,Accepted,6.33E-14,0,0,15,4.500121563,5.607500997,8.880867321,Dead end,,Dead End,45.215455,45.215455,4227,3,769.4068336,DNAPKcs,KLAGANPAVITCDELLLGHEK,4050,4070,,,,,[K4050-],
1233,Accepted,3.48E-12,0,0,15,6.11283724,5.574795091,5.239025109,Self Linked,,Bound,18.9996875,19.01634333,1291,4,661.3227425,Ku70,KHDNEGSGSKRPKVEYSEEELK,544,565,,,,,[S550-K553;S552-K553],
987,Accepted,6.86E-10,0,0,15,5.895141242,5.958511818,2.779628336,Self Linked,,Bound,41.12878833,41.16337,3693,4,684.1224839,DNAPKcs,HGDLPDIQIKHSSLITPLQAVAQR,2777,2800,,,,,[K2786-S2788],
902,Accepted,6.95E-12,0,0,15,4.649219627,3.263210782,1.945309978,Dead end,,DE - ABC,47.53280833,47.53280833,4501,4,680.611324,DNAPKcs,LAGANPAVITCDELLLGHEKAPAFR,4051,4075,,,,,[K4070-],
2462,Accepted,1.29E-13,2.48E-08,2.79E-07,15,5.7447532,4.162177728,5.531147267,Cross-linked,Inter,Bound,47.0908875,47.04618167,4448,4,724.9152684,Ku80,FSKSQLDIIIHSLK,142,155,Ku70,KQELLEALTK,596,605,[K144-K596],
1725,Accepted,4.45E-09,0,0,15,3.907095382,3.775216676,0.448798744,Self Linked,,Bound,42.63201778,42.46370833,3874,4,578.5721695,DNAPKcs,ANQKHQGLKLATTILQHWK,1609,1627,,,,,[K1612-K1617],
2922,Accepted,2.03E-15,4.39E-12,3.14E-06,14,5.116827222,5.186550223,1.702491541,Cross-linked,Intra,Bound,25.135355,25.07292167,1876,4,561.5299567,DNAPKcs,KQNNFSLAMK,3248,3257,DNAPKcs,MKMIDSAR,3240,3247,[K3248-K3241],
2463,Accepted,6.60E-13,2.87E-09,1.76E-09,14,4.082714154,3.49553842,1.836970358,Cross-linked,Intra,Bound,36.51712667,36.51712667,3088,5,630.9301593,DNAPKcs,KGGSWIQEINVAEK,4023,4036,DNAPKcs,EHPFLVKGGEDLR,3747,3759,[K4023-K3753],
2939,Accepted,4.99E-13,1.89E-07,2.14E-11,13,6.149464474,6.353046845,5.147923664,Cross-linked,Intra,Bound,27.0153525,26.98482,2094,4,561.7798927,DNAPKcs,CFGTGAAGNR,1312,1321,DNAPKcs,GKPLPEYHVR,3709,3718,[T1315-K3710],
2926,Accepted,8.30E-12,5.39E-08,1.45E-08,13,6.358367572,6.467289964,5.419059327,Cross-linked,Intra,Bound,22.434155,22.445725,1627,5,426.6423124,DNAPKcs,LLPAELPAKR,2900,2909,DNAPKcs,GSKDHNIR,4083,4090,[K2908-S4084;K2908-K4085],
2903,Accepted,9.18E-14,6.63E-10,3.70E-06,13,4.567657913,4.610695664,3.996188712,Cross-linked,Intra,Bound,28.78550667,28.77619833,2262,4,557.5312281,DNAPKcs,KQNNFSLAMK,3248,3257,DNAPKcs,MKMIDSAR,3240,3247,[K3248-K3241],
2695,Accepted,7.63E-15,1.35E-12,5.52E-06,13,6.617350714,6.089806015,6.220753799,Cross-linked,Intra,Bound,21.62612167,21.686445,1537,4,493.0270674,DNAPKcs,APLKSVGPDFGK,2691,2702,DNAPKcs,VKGAAGR,2716,2722,[K2694-K2717],
2604,Accepted,3.24E-15,0,0,13,4.995533249,4.772592894,4.962743125,Dead end,,Dead End,40.42456,40.42456,3596,4,435.2431606,DNAPKcs,LLNFLMKHVFHPK,2215,2227,,,,,[K2221-],
1866,Accepted,2.47E-13,0,0,13,5.203532898,5.904531621,4.030613644,Dead end,,Dead End,24.517055,24.47453167,1818,4,552.0225117,DNAPKcs,GHDEREHPFLVKGGEDLR,3742,3759,,,,,[K3753-],
1721,Accepted,2.03E-10,3.56E-08,7.87E-06,13,7.222560407,6.313948536,10.60342486,Cross-linked,Intra,Bound,35.54577667,35.54577667,2975,4,889.9360197,DNAPKcs,TSALSDETKNNWEVSALSR,802,820,DNAPKcs,DQEKLSLMYAR,2735,2745,[K810-K2738],
1682,Accepted,3.58E-13,0,0,13,4.318082184,4.128963265,3.401066677,Dead end,,Dead End,27.45213167,27.45213167,2139,4,566.2929266,Ku70,VEYSEEELKTHISKGTLGK,557,575,,,,,[S569-;K570-],
2537,Accepted,3.45E-14,0,0,12,4.050573199,4.050573199,2.959391103,Dead end,,Dead End,28.40080333,28.40080333,2227,3,537.6105917,DNAPKcs,EHPFLVKGGEDLR,3747,3759,,,,,[K3753-],
717,Accepted,1.58E-08,0,0,12,5.734681866,6.542559298,3.739760464,Dead end,,Dead End,38.34241375,38.22946333,3276,4,790.1742371,DNAPKcs,SYRHGDLPDIQIKHSSLITPLQAVAQR,2774,2800,,,,,[K2786-],
2663,Accepted,8.72E-10,6.94E-06,3.15E-06,11,2.704820599,4.564361704,6.37042021,Cross-linked,Intra,Bound,44.57908,44.57908,4155,4,640.6170818,Ku70,GTLGKFTVPMLK,571,582,Ku70,KQELLEALTK,596,605,[K575-K596],
2598,Accepted,1.58E-07,0.003142285,5.69E-07,11,5.511008679,4.93561721,2.791222144,Cross-linked,Intra,Bound,33.495895,33.495895,2729,4,674.3641433,DNAPKcs,LGLPGDEVDNKVK,2705,2717,DNAPKcs,APLKSVGPDFGK,2691,2702,[K2715-K2694],
1080,Accepted,9.39E-12,0,0,11,6.666860093,6.72107242,5.60276476,Dead end,,Dead End,22.37366667,22.38714833,1620,4,686.0898447,Ku80,KKDQVTAQEIFQDNHEDGPTAKK,544,566,,,,,[K565-],
2044,Accepted,6.69E-12,6.95E-11,0.002023142,11,4.481888528,4.696723364,1.707683301,Cross-linked,Intra,Bound,41.47601667,41.47601667,3737,4,798.1573631,DNAPKcs,MYAALGDPKAPGLGAFR,3613,3629,DNAPKcs,FIQTFGKEFDK,3632,3642,[K3621-T3635;K3621-K3638],
2040,Accepted,2.97E-11,0,0,11,3.38703467,3.413084023,1.147943733,Dead end,,Dead End,33.92033167,33.95661667,2781,4,550.5496327,Ku70,VHFEESSKLEDLLRKVR,231,247,,,,,[K238-;K245-],
3159,Accepted,3.06E-09,7.82E-07,0.000125966,10,6.814745181,6.814745181,4.060853722,Cross-linked,Intra,Bound,21.68758417,21.67229167,1535,4,443.5028012,Ku70,AIVEKLR,464,470,Ku70,VEAMNKR,511,517,[K468-K516],
3058,Accepted,6.40E-12,0.004517508,3.30E-09,10,3.38703467,3.413084023,1.147943733,Cross-linked,Intra,Bound,33.92033167,33.95661667,2781,4,550.5496327,Ku70,LEDLLRKVR,239,247,Ku70,VHFEESSK,231,238,[K245-S237],
876,Accepted,4.01E-10,0,0,10,6.28128935,5.329309506,4.118689498,Self Linked,,Bound,44.17053833,44.17053833,4103,3,920.1639425,Ku80,LGGHGPSFPLKGITEQQKEGLEIVK,185,209,,,,,[K195-T198;K195-K202;T198-K202],
2647,Accepted,1.08E-08,0.000286281,9.09E-09,10,5.685794412,4.744003337,5.776357428,Cross-linked,Intra,Bound,35.46852333,35.46852333,2965,4,683.8219501,DNAPKcs,EPSFDWKNFEQK,4008,4019,DNAPKcs,NIEKMYER,3605,3612,[S4010-K3608;K4014-K3608],
2583,Accepted,7.01E-10,2.18E-08,0.001952829,10,3.28801992,4.521875837,2.029460704,Cross-linked,Intra,Bound,40.02441333,40.02441333,3537,4,638.5932961,DNAPKcs,NNITQKLLQDFNR,2830,2842,DNAPKcs,FKTLSEK,2823,2829,[K2835-K2824],
3088,Accepted,2.07E-09,3.05E-05,1.46E-07,8,5.034795143,5.033102614,3.867129568,Cross-linked,Intra,Bound,23.52751167,23.50482833,1731,4,458.9967753,DNAPKcs,EFDKHFGK,3639,3646,DNAPKcs,GGSKLLR,3647,3653,[K3642-K3650],
3057,Accepted,7.95E-11,0,0,8,1.824325114,1.824325114,5.409364158,Self Linked,,Bound,8.6600975,8.64581,532,3,408.55079,DNAPKcs,ELHKESKTR,3261,3269,,,,,[S3266-K3267],
