Peptide ID,Decision,E,E-Alpha,E-Beta,Fragment Count,Monoisotopic PPM,Highest Peak PPM,Selected Precursor PPM,Type,Intra/Inter,Modification Name,Peptide RT,Best MS2 RT,Best MS2 Scan Number,z,m/z,Protein 1,Peptide 1,Start 1,Stop 1,Protein 2,Peptide 2,Start 2,Stop 2,Selected Sites,Notes
14457,Accepted,2.76E-27,5.88E-40,2.19E-07,58,2.361591517,0.786059808,3.757924465,Cross-linked,Intra,Bound - Heavy,50.78493952,50.78493952,9432,5,942.2754592,DNAPKcs,SSFDWLTGSSTDPLVDHTSPSSDSLLFAHKR,2654,2684,DNAPKcs,APLKSVGPDFGK,2691,2702,[K2683-K2694],
47247,Accepted,3.03E-48,6.87E-27,1.40E-34,56,1.823054632,0.692882942,0.046884172,Cross-linked,Intra,Bound - Heavy,36.63124882,36.63124882,6447,4,938.483045,DNAPKcs,GHDEREHPFLVKGGEDLR,3742,3759,DNAPKcs,KGGSWIQEINVAEK,4023,4036,[K3753-K4023],
14904,Accepted,4.93E-24,9.82E-34,7.22E-08,50,1.220961456,0.481943314,0.546071596,Cross-linked,Intra,Bound,50.87557965,50.87557965,9451,5,941.0679262,DNAPKcs,SSFDWLTGSSTDPLVDHTSPSSDSLLFAHKR,2654,2684,DNAPKcs,APLKSVGPDFGK,2691,2702,[K2683-K2694],
27614,Accepted,1.42E-47,3.93E-47,1.84E-12,49,1.059027403,0.297800624,2.662493026,Cross-linked,Intra,Bound - Heavy,45.83634607,45.83634607,8332,4,989.2983663,DNAPKcs,HGDLPDIQIKHSSLITPLQAVAQR,2777,2800,DNAPKcs,APLKSVGPDFGK,2691,2702,[K2786-K2694],
40811,Accepted,1.60E-23,9.72E-22,8.28E-16,47,0.448964068,0.23281237,1.338574564,Cross-linked,Intra,Bound,29.89205332,29.89205332,5100,5,731.3750218,DNAPKcs,ICSKPVVLPKGPESESEDHR,490,509,DNAPKcs,MKQDAQVVLYR,2763,2773,[K499-K2764],
45165,Accepted,3.00E-42,2.54E-21,6.87E-32,47,0.47129748,0.537881393,4.666086504,Cross-linked,Intra,Bound,36.619364,36.619364,6444,4,936.9736288,DNAPKcs,GHDEREHPFLVKGGEDLR,3742,3759,DNAPKcs,KGGSWIQEINVAEK,4023,4036,[K3753-K4023],
28698,Accepted,2.43E-45,6.88E-47,2.44E-11,46,1.69785365,1.219963761,1.974105906,Cross-linked,Intra,Bound,45.88270104,45.88270104,8343,4,987.78895,DNAPKcs,HGDLPDIQIKHSSLITPLQAVAQR,2777,2800,DNAPKcs,APLKSVGPDFGK,2691,2702,[K2786-K2694],
38395,Accepted,3.43E-24,1.07E-33,1.32E-06,45,2.086516102,1.538043515,1.24302019,Cross-linked,Intra,Bound,43.20785402,43.20785402,7776,6,637.1577928,DNAPKcs,ICSKPVVLPKGPESESEDHR,490,509,DNAPKcs,VPTYKDYVDLFR,521,532,[K499-K525],
44308,Accepted,3.31E-31,2.59E-15,2.64E-28,45,0.653484614,0.418690209,0.477473164,Cross-linked,Intra,Bound,36.7022881,36.7022881,6461,5,749.7803583,DNAPKcs,GHDEREHPFLVKGGEDLR,3742,3759,DNAPKcs,KGGSWIQEINVAEK,4023,4036,[K3753-K4023],
14299,Accepted,1.01E-16,4.37E-26,2.78E-05,43,0.963022672,1.264779373,0.744687338,Cross-linked,Intra,Bound - Heavy,50.82647782,50.82647782,9441,6,785.3974287,DNAPKcs,SSFDWLTGSSTDPLVDHTSPSSDSLLFAHKR,2654,2684,DNAPKcs,APLKSVGPDFGK,2691,2702,[K2683-K2694],
58376,Accepted,1.26E-32,1.34E-33,6.65E-09,42,0.526579521,0.511792334,0.152204901,Cross-linked,Intra,Bound,41.3093992,41.3093992,7380,4,788.41088,DNAPKcs,KGGSWIQEINVAEK,4023,4036,DNAPKcs,EHPFLVKGGEDLR,3747,3759,[K4023-K3753],
17970,Accepted,8.59E-23,4.86E-28,1.20E-09,42,0.739404652,0.361472856,0.654274365,Cross-linked,Intra,Bound - Heavy,54.29295184,54.39078068,10248,4,1092.813715,DNAPKcs,AQEPESGLSEETQVKCLMDQATDPNILGR,4091,4119,DNAPKcs,LLPAELPAKR,2900,2909,[K4105-K2908],
38309,Accepted,1.32E-34,2.48E-34,1.68E-14,42,0.196365993,1.208877622,0.993474837,Cross-linked,Intra,Bound,43.15141362,43.2376096,7783,4,955.233051,DNAPKcs,ICSKPVVLPKGPESESEDHR,490,509,DNAPKcs,VPTYKDYVDLFR,521,532,[K499-K525],
18752,Accepted,1.45E-15,3.90E-26,0.001128972,41,0.309155013,1.330144373,2.48834556,Cross-linked,Intra,Bound - Heavy,59.30320864,59.0663209,11274,5,825.4480548,DNAPKcs,SQGCSEQVLTVLKTVSLLDENNVSSYLSK,3290,3318,DNAPKcs,LLKELHK,3258,3264,[K3302-K3260],
17773,Accepted,1.62E-19,4.01E-27,3.16E-06,41,1.052384577,0.58815639,0.642350626,Cross-linked,Intra,Bound,54.59306549,54.59306549,10291,4,1091.304299,DNAPKcs,AQEPESGLSEETQVKCLMDQATDPNILGR,4091,4119,DNAPKcs,LLPAELPAKR,2900,2909,[K4105-K2908],
16552,Accepted,3.53E-19,3.24E-25,5.60E-07,41,0.446252138,0.956094975,1.283942403,Cross-linked,Intra,Bound - Heavy,51.29666322,51.16320738,9512,5,911.0552388,DNAPKcs,SSFDWLTGSSTDPLVDHTSPSSDSLLFAHK,2654,2683,DNAPKcs,APLKSVGPDFGK,2691,2702,[T2671-K2694],
52819,Accepted,4.25E-32,9.85E-46,0.007446247,41,0.708293727,0.442903108,2.351023359,Cross-linked,Intra,Bound - Heavy,54.21925346,54.21925346,10210,4,671.6224215,DNAPKcs,MKLSDFNDITNMLLLK,3654,3669,DNAPKcs,TPVNKK,3599,3604,[K3655-K3603],
17452,Accepted,1.03E-27,7.48E-39,0.000368497,40,0.167511296,0.173317309,0.016475918,Cross-linked,Intra,Bound - Heavy,59.08625346,59.08625346,11279,4,1031.558249,DNAPKcs,SQGCSEQVLTVLKTVSLLDENNVSSYLSK,3290,3318,DNAPKcs,LLKELHK,3258,3264,[K3302-K3260],
39526,Accepted,3.79E-27,1.88E-38,0.000107712,40,0.131529236,0.088408488,0.72477436,Cross-linked,Intra,Bound,16.05577265,16.05577265,2403,5,644.3384671,DNAPKcs,ICSKPVVLPKGPESESEDHR,490,509,DNAPKcs,KGVAEQKR,2746,2753,[K499-K2752],
52972,Accepted,7.21E-32,6.79E-44,0.029461546,40,2.108316968,1.775154629,1.48482419,Cross-linked,Intra,Bound,54.33486596,54.33486596,10236,4,670.1130052,DNAPKcs,MKLSDFNDITNMLLLK,3654,3669,DNAPKcs,TPVNKK,3599,3604,[K3655-K3603],
41434,Accepted,7.28E-32,1.20E-38,2.33E-05,40,0.315364269,0.670241053,1.259087861,Cross-linked,Intra,Bound,59.59039844,59.59039844,11396,4,896.6808714,DNAPKcs,YPDAKMDPMNIWDDIITNR,3168,3186,DNAPKcs,KQNNFSLAMK,3248,3257,[K3172-K3248],
18007,Accepted,2.69E-27,4.70E-38,1.77E-05,39,0.884747972,0.289874584,1.132955994,Cross-linked,Intra,Bound,59.10177147,59.10177147,11283,4,1030.048833,DNAPKcs,SQGCSEQVLTVLKTVSLLDENNVSSYLSK,3290,3318,DNAPKcs,LLKELHK,3258,3264,[K3302-K3260],
14668,Accepted,3.84E-21,5.55E-32,0.008238947,39,0.269733588,2.420889826,0.821437622,Cross-linked,Intra,Bound,49.23670097,49.23670097,9085,5,884.8331406,DNAPKcs,SSFDWLTGSSTDPLVDHTSPSSDSLLFAHKR,2654,2684,DNAPKcs,SVGPDFGKK,2695,2703,[K2683-K2702],
45613,Accepted,5.00E-26,1.06E-11,2.64E-24,39,0.699186897,0.726833491,0.145142154,Cross-linked,Intra,Bound - Heavy,36.52595231,36.52595231,6423,5,750.9878913,DNAPKcs,GHDEREHPFLVKGGEDLR,3742,3759,DNAPKcs,KGGSWIQEINVAEK,4023,4036,[K3753-K4023],
40280,Accepted,4.29E-30,3.39E-26,8.82E-16,39,0.106372035,0.057109901,0.789529847,Cross-linked,Intra,Bound,29.64105118,29.79158826,5082,4,913.9669581,DNAPKcs,ICSKPVVLPKGPESESEDHR,490,509,DNAPKcs,MKQDAQVVLYR,2763,2773,[K499-K2764],
48177,Accepted,1.20E-29,3.22E-30,5.22E-12,39,0.745465717,0.264825524,0.769005331,Cross-linked,Intra,Bound,45.17894615,45.17894615,8185,4,915.468296,DNAPKcs,MYAALGDPKAPGLGAFR,3613,3629,DNAPKcs,FIQTFGKEFDKHFGK,3632,3646,[K3621-K3638],
39869,Accepted,1.89E-32,1.18E-26,1.30E-17,39,0.844651835,1.212123809,1.500857957,Cross-linked,Intra,Bound - Heavy,29.83838666,29.83838666,5091,4,915.4763744,DNAPKcs,ICSKPVVLPKGPESESEDHR,490,509,DNAPKcs,MKQDAQVVLYR,2763,2773,[K499-K2764],
46546,Accepted,1.35E-34,9.58E-39,4.05E-06,39,0.603804683,0.399888788,0.653278331,Cross-linked,Intra,Bound,21.03033022,21.03033022,3351,5,541.8823543,DNAPKcs,GHDEREHPFLVKGGEDLR,3742,3759,DNAPKcs,MLKK,4020,4023,[K3753-K4022],
53669,Accepted,8.28E-25,1.31E-15,6.56E-21,38,0.671480901,0.163077279,0.053768366,Cross-linked,Intra,Bound,39.27932991,39.27932991,6968,5,688.1369636,DNAPKcs,HECMAPLTALVKHMHR,2091,2106,DNAPKcs,SLGPPQGEEDSVPR,2107,2120,[K2102-S2107],
40597,Accepted,4.05E-27,2.79E-34,0.000976349,38,0.766710237,0.608989055,28.94067058,Cross-linked,Intra,Bound - Heavy,18.47348869,18.41668356,2849,5,614.3257797,DNAPKcs,ICSKPVVLPKGPESESEDHR,490,509,DNAPKcs,KGVAEQK,2746,2752,[K499-K2746],
41053,Accepted,7.42E-25,3.62E-29,4.42E-07,38,0.237720631,0.529472912,0.136056576,Cross-linked,Intra,Bound,43.30607338,43.30607338,7798,5,764.3878961,DNAPKcs,ICSKPVVLPKGPESESEDHR,490,509,DNAPKcs,VPTYKDYVDLFR,521,532,[K499-K525],
58930,Accepted,9.22E-22,5.09E-24,1.08E-08,37,1.552044937,1.313020527,2.917914089,Cross-linked,Intra,Bound,41.31383046,41.31383046,7381,5,630.9301593,DNAPKcs,KGGSWIQEINVAEK,4023,4036,DNAPKcs,EHPFLVKGGEDLR,3747,3759,[K4023-K3753],
40274,Accepted,1.49E-19,2.52E-22,2.81E-10,37,0.903509957,0.254215267,0.346007023,Cross-linked,Intra,Bound,29.60685913,29.59097839,5045,6,609.6470643,DNAPKcs,ICSKPVVLPKGPESESEDHR,490,509,DNAPKcs,MKQDAQVVLYR,2763,2773,[K499-K2764],
45899,Accepted,1.28E-41,7.77E-43,4.38E-08,37,0.170632359,0.000332543,0.181656766,Cross-linked,Intra,Bound,21.04502115,21.04502115,3355,4,677.1011237,DNAPKcs,GHDEREHPFLVKGGEDLR,3742,3759,DNAPKcs,MLKK,4020,4023,[K3753-K4022],
41542,Accepted,1.02E-27,1.28E-32,1.02E-05,37,0.636171962,0.919902912,0.793818426,Cross-linked,Intra,Bound - Heavy,59.66018082,59.50985317,11377,4,898.1902877,DNAPKcs,YPDAKMDPMNIWDDIITNR,3168,3186,DNAPKcs,KQNNFSLAMK,3248,3257,[K3172-K3248],
62486,Accepted,6.58E-25,2.24E-26,1.58E-10,36,0.673899025,0.138291884,2.850567509,Cross-linked,Intra,Bound - Heavy,26.95895958,26.95895958,4534,4,605.8442739,DNAPKcs,APLKSVGPDFGK,2691,2702,DNAPKcs,EKEIKSELK,2754,2762,[K2694-K2758],
44916,Accepted,9.64E-20,5.85E-11,5.55E-19,36,0.584633248,0.712893915,0.194890943,Cross-linked,Intra,Bound - Heavy,36.56264474,36.56264474,6432,6,625.9911222,DNAPKcs,GHDEREHPFLVKGGEDLR,3742,3759,DNAPKcs,KGGSWIQEINVAEK,4023,4036,[K3753-K4023],
38217,Accepted,4.08E-22,6.59E-27,1.31E-08,36,1.152290975,0.131089345,2.722362272,Cross-linked,Intra,Bound,45.79922865,45.7088005,8303,5,827.2227485,DNAPKcs,ICSKPVVLPKGPESESEDHR,490,509,DNAPKcs,WKVPTYKDYVDLFR,519,532,[K499-K525],
49152,Accepted,2.48E-23,1.18E-23,8.53E-09,36,1.004286404,1.824899311,0.314075245,Cross-linked,Intra,Bound - Heavy,45.14726828,45.14726828,8177,4,916.9777122,DNAPKcs,MYAALGDPKAPGLGAFR,3613,3629,DNAPKcs,FIQTFGKEFDKHFGK,3632,3646,[K3621-K3638],
60381,Accepted,1.95E-26,3.58E-25,1.19E-08,35,0.473015877,0.365334156,0.212051607,Cross-linked,Intra,Bound,38.64500412,38.64500412,6843,4,674.3641433,DNAPKcs,LGLPGDEVDNKVK,2705,2717,DNAPKcs,APLKSVGPDFGK,2691,2702,[K2715-K2694],
50102,Accepted,1.57E-26,9.86E-17,5.04E-23,35,0.895485645,1.352224483,1.523801502,Cross-linked,Intra,Bound,37.91979994,37.91979994,6689,4,920.2221758,DNAPKcs,EHPFLVKGGEDLRQDQR,3747,3763,DNAPKcs,KGGSWIQEINVAEK,4023,4036,[K3753-K4023],
41074,Accepted,1.21E-14,2.02E-19,3.93E-07,35,3.395765993,3.918623953,2.196008619,Cross-linked,Intra,Bound - Heavy,29.75558933,29.76030165,5075,6,610.6533418,DNAPKcs,ICSKPVVLPKGPESESEDHR,490,509,DNAPKcs,MKQDAQVVLYR,2763,2773,[K499-K2764],
39201,Accepted,1.51E-25,3.26E-34,2.42E-07,35,0.997689334,0.012770751,0.224855706,Cross-linked,Intra,Bound - Heavy,15.99325149,15.99325149,2391,6,538.1228795,DNAPKcs,ICSKPVVLPKGPESESEDHR,490,509,DNAPKcs,KGVAEQKR,2746,2753,[K499-K2746],
46359,Accepted,1.00E-20,9.58E-13,3.55E-17,35,1.49627968,0.724565289,1.350432747,Cross-linked,Intra,Bound,36.76004007,36.76004007,6475,6,624.9848447,DNAPKcs,GHDEREHPFLVKGGEDLR,3742,3759,DNAPKcs,KGGSWIQEINVAEK,4023,4036,[K3753-K4023],
62632,Accepted,9.74E-24,1.01E-20,4.45E-10,34,0.115137065,0.038899576,3.067518883,Cross-linked,Intra,Bound - Heavy,22.0167481,22.0167481,3569,4,494.5364836,DNAPKcs,APLKSVGPDFGK,2691,2702,DNAPKcs,VKGAAGR,2716,2722,[K2694-K2717],
48107,Accepted,3.51E-25,2.32E-28,3.44E-07,34,0.399121406,0.467456768,1.081691691,Cross-linked,Intra,Bound,45.21548648,45.21548648,8194,4,830.1811021,DNAPKcs,MYAALGDPKAPGLGAFR,3613,3629,DNAPKcs,KFIQTFGKEFDK,3631,3642,[K3621-K3638],
50653,Accepted,1.09E-23,1.68E-26,4.07E-07,33,0.115580149,0.51070571,0.579542498,Cross-linked,Intra,Bound - Heavy,45.16356548,45.16356548,8181,4,831.6905183,DNAPKcs,MYAALGDPKAPGLGAFR,3613,3629,DNAPKcs,KFIQTFGKEFDK,3631,3642,[K3621-K3638],
43869,Accepted,9.32E-36,4.47E-34,1.73E-08,33,0.479671816,0.858253892,1.193449098,Cross-linked,Intra,Bound,31.39618258,31.39618258,5396,4,806.6542462,DNAPKcs,GHDEREHPFLVKGGEDLR,3742,3759,DNAPKcs,NFEQKMLK,4015,4022,[K3753-K4019],
40871,Accepted,1.26E-18,1.32E-24,0.000580689,33,0.637150745,0.481522176,1.414330939,Cross-linked,Intra,Bound,29.67086725,29.67086725,5060,5,645.5349131,DNAPKcs,ICSKPVVLPKGPESESEDHR,490,509,DNAPKcs,WKVPTYK,519,525,[K499-K520],
40848,Accepted,3.04E-19,3.28E-29,0.026290364,33,2.088779624,1.559301489,2.326996832,Cross-linked,Intra,Bound,21.65092528,21.65092528,3483,6,487.7531353,DNAPKcs,ICSKPVVLPKGPESESEDHR,490,509,DNAPKcs,TGKWK,516,520,[K499-K518],
39869,Accepted,1.03E-23,6.42E-23,8.62E-11,33,0.626427579,1.482298525,2.285615459,Cross-linked,Intra,Bound - Heavy,29.35931996,29.40253539,5011,4,915.4763744,DNAPKcs,ICSKPVVLPKGPESESEDHR,490,509,DNAPKcs,MKQDAQVVLYR,2763,2773,[K499-K2764],
41651,Accepted,1.29E-20,9.14E-24,1.71E-06,33,1.206674387,1.139351592,0.393276978,Cross-linked,Intra,Bound - Heavy,34.31500407,34.31500407,5974,4,828.9323267,DNAPKcs,TSALSDETKNNWEVSALSR,802,820,DNAPKcs,EKEIKSELK,2754,2762,[K810-K2758],
63894,Accepted,2.36E-26,5.04E-21,4.26E-11,32,0.124091218,0.533746643,5.446797783,Cross-linked,Intra,Bound,22.93736172,22.93736172,3748,4,518.2861777,DNAPKcs,APLKSVGPDFGK,2691,2702,DNAPKcs,KGVAEQK,2746,2752,[K2694-K2746],
57892,Accepted,3.36E-27,6.91E-23,2.00E-10,32,0.230465748,0.249477118,0.891229158,Cross-linked,Intra,Bound - Heavy,41.03040881,41.03040881,7327,4,789.9202962,DNAPKcs,KGGSWIQEINVAEK,4023,4036,DNAPKcs,EHPFLVKGGEDLR,3747,3759,[K4023-K3753],
53148,Accepted,9.92E-26,2.80E-33,0.010494457,32,1.258719278,0.319249143,2.570790442,Cross-linked,Intra,Bound,50.46911881,50.46911881,9366,4,674.1117337,DNAPKcs,MKLSDFNDITNMLLLK,3654,3669,DNAPKcs,TPVNKK,3599,3604,[K3655-K3603],
37285,Accepted,3.46E-18,6.20E-22,2.99E-07,32,0.474457233,0.721323252,1.217597989,Cross-linked,Intra,Bound,39.21715488,39.21715488,6957,5,920.264031,DNAPKcs,STVLTPMFVETQASQGTLQTR,2599,2619,DNAPKcs,ICSKPVVLPKGPESESEDHR,490,509,[S2612-K499],
39190,Accepted,2.03E-34,1.01E-40,1.06E-06,32,0.483579126,0.352809499,1.519074115,Cross-linked,Intra,Bound - Heavy,22.16957793,22.16957793,3607,4,761.6481579,DNAPKcs,ICSKPVVLPKGPESESEDHR,490,509,DNAPKcs,SELKMK,2759,2764,[K499-K2762],
47920,Accepted,4.09E-19,4.84E-23,0.00016089,32,1.702635679,2.029771418,0.599111996,Cross-linked,Intra,Bound - Heavy,45.00348546,45.00348546,8147,5,625.9263751,DNAPKcs,VINAKDVDFMYVELIQR,375,391,DNAPKcs,NAEMHKNK,330,337,[K379-K335],
33040,Accepted,1.09E-20,1.26E-12,2.27E-21,32,0.409690691,0.362468904,0.461864387,Cross-linked,Intra,Bound,34.35939005,34.35939005,5983,5,855.229395,DNAPKcs,GHDEREHPFLVKGGEDLRQDQR,3742,3763,DNAPKcs,KGGSWIQEINVAEK,4023,4036,[K3753-K4023],
49589,Accepted,2.59E-20,2.15E-21,2.39E-06,32,0.899856638,2.039457006,0.276365113,Cross-linked,Intra,Bound - Heavy,49.14915227,49.18638642,9073,4,799.6667794,DNAPKcs,MYAALGDPKAPGLGAFR,3613,3629,DNAPKcs,FIQTFGKEFDK,3632,3642,[K3621-K3638],
63567,Accepted,4.30E-23,4.90E-07,1.45E-22,32,0.830520264,1.23883964,1.450870174,Cross-linked,Intra,Bound - Heavy,55.37665731,55.37665731,10470,4,693.3769944,DNAPKcs,APLKSVGPDFGK,2691,2702,DNAPKcs,VCLDIIYKMMPK,2434,2445,[K2694-K2441],
41002,Accepted,5.38E-31,4.32E-35,1.05E-06,32,0.105055398,0.570162466,0.942863653,Cross-linked,Intra,Bound - Heavy,29.92475357,29.81910844,5087,4,808.1762385,DNAPKcs,ICSKPVVLPKGPESESEDHR,490,509,DNAPKcs,WKVPTYK,519,525,[K499-K520],
63317,Accepted,8.42E-23,1.59E-23,1.33E-06,31,0.956046916,0.562050069,0.609943309,Cross-linked,Intra,Bound,55.43457389,55.43457389,10484,4,691.8675781,DNAPKcs,VCLDIIYKMMPK,2434,2445,DNAPKcs,APLKSVGPDFGK,2691,2702,[K2441-K2694],
67672,Accepted,3.30E-19,2.35E-19,2.22E-07,31,0.591355418,0.583690363,0.36227663,Cross-linked,Intra,Bound - Heavy,21.89947313,21.89947313,3536,5,427.8498454,DNAPKcs,LLPAELPAKR,2900,2909,DNAPKcs,GSKDHNIR,4083,4090,[K2908-S4084],
66762,Accepted,9.02E-13,3.14E-12,7.01E-22,31,4.684381115,5.001663174,6.994353056,Cross-linked,Intra,Bound - Heavy,26.05334108,26.05334108,4354,4,625.3616269,DNAPKcs,SPVNTKSLFKR,1052,1062,DNAPKcs,SPVNTKSLFK,1052,1061,[K1061-K1057],
60319,Accepted,2.81E-21,7.52E-26,0.000163052,31,0.260464651,0.621206728,1.943287793,Cross-linked,Intra,Bound,41.48637829,41.48637829,7417,4,673.6006913,DNAPKcs,KGGSWIQEINVAEK,4023,4036,DNAPKcs,NFEQKMLK,4015,4022,[K4023-K4019],
65416,Accepted,6.54E-17,1.08E-17,3.81E-23,30,5.050604418,5.044275222,9.281044304,Cross-linked,Intra,Bound,26.17876497,26.25840459,4399,4,623.8522107,DNAPKcs,SPVNTKSLFKR,1052,1062,DNAPKcs,SPVNTKSLFK,1052,1061,[K1061-K1057],
65041,Accepted,7.97E-22,1.71E-21,2.85E-07,30,0.666057653,0.371793945,1.418087986,Cross-linked,Intra,Bound,27.01602411,27.01602411,4544,4,604.3348576,DNAPKcs,APLKSVGPDFGK,2691,2702,DNAPKcs,EKEIKSELK,2754,2762,[K2694-K2758],
63981,Accepted,3.23E-27,9.09E-10,4.95E-27,30,1.485425755,1.450136843,0.841800566,Cross-linked,Intra,Bound - Heavy,36.31432657,36.31432657,6377,4,667.6165628,DNAPKcs,APLKSVGPDFGK,2691,2702,DNAPKcs,MKQDAQVVLYR,2763,2773,[K2694-K2764],
62217,Accepted,2.69E-22,3.01E-20,2.53E-08,30,0.716103075,0.793251004,0.827077776,Cross-linked,Intra,Bound - Heavy,38.58928099,38.58928099,6831,4,675.8735596,DNAPKcs,LGLPGDEVDNKVK,2705,2717,DNAPKcs,APLKSVGPDFGK,2691,2702,[K2715-K2694;K2715-S2695],
61815,Accepted,3.31E-32,1.08E-35,0.000155998,30,0.951991724,1.105679694,1.184398391,Cross-linked,Intra,Bound,25.39171181,25.39171181,4227,4,528.5383749,DNAPKcs,EHPFLVKGGEDLR,3747,3759,DNAPKcs,MLKK,4020,4023,[K3753-K4022],
58376,Accepted,1.67E-19,9.03E-18,7.81E-07,30,1.547961395,0.241927208,3.308136177,Cross-linked,Intra,Bound,41.8468699,41.86620682,7492,4,788.41088,DNAPKcs,KGGSWIQEINVAEK,4023,4036,DNAPKcs,EHPFLVKGGEDLR,3747,3759,[K4023-K3753],
60998,Accepted,2.63E-18,1.19E-19,2.36E-06,30,0.322835487,0.056916369,2.548622441,Cross-linked,Intra,Bound - Heavy,44.38031537,44.38031537,8030,4,765.9039525,DNAPKcs,NNITQKLLQDFNR,2830,2842,DNAPKcs,EMDKFKTLSEK,2819,2829,[K2835-K2824],
45613,Accepted,1.58E-15,2.14E-08,2.41E-12,30,0.204273337,0.658962641,0.620350313,Cross-linked,Intra,Bound - Heavy,37.18138431,37.17779649,6544,5,750.9878913,DNAPKcs,GHDEREHPFLVKGGEDLR,3742,3759,DNAPKcs,KGGSWIQEINVAEK,4023,4036,[K3753-K4023],
39565,Accepted,3.00E-22,2.59E-30,0.09005477,30,0.158707701,1.365261156,0.568285425,Cross-linked,Intra,Bound - Heavy,16.36310533,16.36310533,2460,5,563.0973207,DNAPKcs,ICSKPVVLPKGPESESEDHR,490,509,DNAPKcs,KEAR,2009,2012,[K499-K2009],
67808,Accepted,2.31E-29,6.08E-14,4.92E-26,30,0.18888894,0.012549013,0.192246112,Cross-linked,Intra,Bound,28.37895411,28.37895411,4821,4,561.7798927,DNAPKcs,CFGTGAAGNR,1312,1321,DNAPKcs,GKPLPEYHVR,3709,3718,[T1315-K3710],
40517,Accepted,1.95E-19,2.86E-28,0.76600887,30,1.318002702,0.870021483,0.24733262,Cross-linked,Intra,Bound - Heavy,20.62077543,20.62077543,3268,6,493.2628782,DNAPKcs,ICSKPVVLPKGPESESEDHR,490,509,DNAPKcs,EKEIK,2754,2758,[K499-K2755],
66852,Accepted,1.11E-24,2.48E-22,1.13E-12,30,1.187785512,0.076139571,0.253303904,Cross-linked,Intra,Bound,31.04545498,31.04545498,5326,4,619.8088439,DNAPKcs,NTCTSVYTKDR,109,119,DNAPKcs,KSLNSIEFR,71,79,[K117-K71],
61528,Accepted,8.49E-34,3.76E-33,6.32E-10,30,1.485242027,1.317210876,2.274065645,Cross-linked,Intra,Bound,17.49460737,17.49460737,2670,4,525.0508063,DNAPKcs,APLKSVGPDFGKK,2691,2703,DNAPKcs,VKGAAGR,2716,2722,[K2694-K2717],
50790,Accepted,8.69E-27,4.85E-15,6.77E-21,30,0.064068182,0.198941584,0.091678569,Cross-linked,Intra,Bound,47.98692349,47.98692349,8808,4,807.1679264,DNAPKcs,IGELFSKFYGELALKK,149,164,DNAPKcs,NTCTSVYTKDR,109,119,[K155-K117],
68748,Accepted,2.44E-27,2.93E-15,2.20E-20,30,1.398473987,0.920568284,0.079302954,Cross-linked,Intra,Bound - Heavy,10.01383864,10.01383864,1409,4,491.7849613,DNAPKcs,EKEIKSELK,2754,2762,DNAPKcs,KGVAEQK,2746,2752,[K2758-K2746],
67901,Accepted,2.98E-24,9.30E-23,8.12E-11,30,0.523470755,0.366638899,0.731291743,Cross-linked,Intra,Bound,21.94986304,21.94986304,3551,5,426.6423124,DNAPKcs,LLPAELPAKR,2900,2909,DNAPKcs,GSKDHNIR,4083,4090,[K2908-S4084],
42305,Accepted,5.52E-24,9.99E-24,9.04E-07,30,0.851773842,0.668782791,0.752555423,Cross-linked,Intra,Bound,55.71002885,55.71002885,10547,4,900.6796,DNAPKcs,YPDAKMDPMNIWDDIITNR,3168,3186,DNAPKcs,KQNNFSLAMK,3248,3257,[K3172-K3248],
67969,Accepted,8.25E-34,3.09E-19,1.72E-17,30,0.085463927,1.09204473,4.779379119,Cross-linked,Intra,Bound,18.6891493,18.6891493,2902,4,516.8035307,DNAPKcs,AIRPQIDLKR,255,264,DNAPKcs,KGVAEQK,2746,2752,[K263-K2746],
63730,Accepted,5.51E-22,5.05E-20,1.08E-08,29,0.079368345,0.572137528,2.358922664,Cross-linked,Intra,Bound - Heavy,41.06036631,41.06036631,7335,5,508.7068007,DNAPKcs,EPKLPVLAGCLK,214,225,DNAPKcs,KKIPDTVLEK,164,173,[K216-K164;K216-K165],
59069,Accepted,1.47E-27,2.91E-30,4.63E-05,29,0.528843487,0.335877107,2.836864919,Cross-linked,Intra,Bound - Heavy,47.77264247,47.7873701,8766,4,657.8701264,DNAPKcs,VEGMTELYFQLKSK,2405,2418,DNAPKcs,LKPVELR,2446,2452,[K2416-K2447],
60998,Accepted,2.48E-19,8.76E-20,2.04E-07,29,0.015257425,0.293548591,0.062671044,Cross-linked,Intra,Bound - Heavy,43.8558525,43.8558525,7912,4,765.9039525,DNAPKcs,NNITQKLLQDFNR,2830,2842,DNAPKcs,EMDKFKTLSEK,2819,2829,[K2835-K2824],
59708,Accepted,9.18E-18,1.78E-27,0.001331727,29,0.139808524,0.401215461,1.098682462,Cross-linked plus a dead end,,Bound - Heavy(+DE - OH),16.81081683,16.76294551,2536,4,609.8213303,DNAPKcs,DTSTGHKNKEFVAR,3544,3557,DNAPKcs,KNIEK,3604,3608,[K3552-K3604],
47917,Accepted,1.33E-20,7.71E-23,1.09E-05,29,0.583329208,1.240839061,2.050974001,Cross-linked,Intra,Bound,49.27878979,49.27878979,9095,4,798.1573631,DNAPKcs,MYAALGDPKAPGLGAFR,3613,3629,DNAPKcs,FIQTFGKEFDK,3632,3642,[K3621-K3638],
38444,Accepted,2.02E-18,1.84E-18,6.88E-08,29,1.647585963,0.945707448,2.002668679,Cross-linked,Intra,Bound,55.26158586,55.17097862,10422,4,960.7180766,DNAPKcs,DLLLNTMSQEEKAAYLSDPR,3814,3833,DNAPKcs,APPCEYKDWLTK,3834,3845,[K3825-K3840],
45140,Accepted,4.69E-32,2.29E-28,1.85E-08,29,0.727068026,0.567064641,0.769407394,Cross-linked,Intra,Bound - Heavy,31.3036919,31.3036919,5379,4,808.1636625,DNAPKcs,GHDEREHPFLVKGGEDLR,3742,3759,DNAPKcs,NFEQKMLK,4015,4022,[K3753-K4019],
42272,Accepted,6.41E-26,1.17E-22,9.08E-12,29,0.261131856,0.418772719,0.662777118,Cross-linked,Intra,Bound,52.60657377,52.60657377,9839,4,981.9799168,DNAPKcs,KGGSWIQEINVAEKNWYPR,4023,4041,DNAPKcs,EPSFDWKNFEQK,4008,4019,[K4036-K4014],
64215,Accepted,2.40E-22,2.84E-22,1.89E-06,28,0.155192326,0.608122963,1.020302524,Cross-linked,Intra,Bound - Heavy,41.92806723,41.92806723,7504,5,516.5134732,DNAPKcs,EPKLPVLAGCLK,214,225,DNAPKcs,AIRPQIDLKR,255,264,[K216-K263],
57609,Accepted,4.90E-17,4.25E-17,3.76E-07,28,0.457777852,0.018994464,2.069169449,Cross-linked,Intra,Bound - Heavy,41.04920177,41.04920177,7332,5,632.1376923,DNAPKcs,KGGSWIQEINVAEK,4023,4036,DNAPKcs,EHPFLVKGGEDLR,3747,3759,[K4023-K3753],
60523,Accepted,6.15E-21,6.81E-26,0.000188058,28,0.095697563,0.084310016,4.234306901,Cross-linked,Intra,Bound,44.16608777,44.16608777,7985,4,638.5932961,DNAPKcs,NNITQKLLQDFNR,2830,2842,DNAPKcs,FKTLSEK,2823,2829,[K2835-K2824],
50285,Accepted,1.22E-18,2.71E-22,0.001229913,28,0.544426275,2.36599827,2.747533217,Cross-linked,Intra,Bound - Heavy,44.89399963,44.89399963,8124,4,782.1561497,DNAPKcs,VINAKDVDFMYVELIQR,375,391,DNAPKcs,NAEMHKNK,330,337,[K379-K335],
66179,Accepted,1.24E-23,1.59E-27,1.03E-06,28,0.655702044,1.000446618,1.915698289,Cross-linked,Intra,Bound - Heavy,33.45630273,33.45630273,5797,4,559.0650718,DNAPKcs,YFEGVSPKSLK,682,692,DNAPKcs,FGKEVAVK,710,717,[K689-K712],
42509,Accepted,7.19E-21,5.62E-21,8.43E-07,28,0.937198887,0.423098608,2.199095716,Cross-linked,Intra,Bound - Heavy,55.62631439,55.68092989,10540,4,902.1890162,DNAPKcs,YPDAKMDPMNIWDDIITNR,3168,3186,DNAPKcs,KQNNFSLAMK,3248,3257,[K3172-K3248],
42328,Accepted,5.36E-19,1.62E-19,4.55E-10,28,1.285865663,0.5795411,2.569374352,Cross-linked,Intra,Bound - Heavy,45.2642796,45.31603123,8215,4,847.6771784,DNAPKcs,DSKPPGNLKECSPWMSDFK,3673,3691,DNAPKcs,SPVNTKSLFK,1052,1061,[K3681-K1057],
65299,Accepted,2.62E-19,1.54E-08,8.63E-16,27,1.464162502,0.282468567,1.269156837,Cross-linked,Intra,Bound,22.05415488,21.99282143,3563,4,598.8227607,DNAPKcs,MNKDSKPPGNLK,3670,3681,DNAPKcs,KFIQTFGK,3631,3638,[K3675-K3631],
62347,Accepted,4.83E-22,1.63E-17,4.04E-09,27,0.638578044,1.074104019,1.647966185,Cross-linked,Intra,Bound - Heavy,35.58411625,35.58411625,6233,4,659.6009136,DNAPKcs,EHPFLVKGGEDLR,3747,3759,DNAPKcs,NFEQKMLK,4015,4022,[K3753-K4019],
60500,Accepted,2.20E-21,2.56E-16,1.46E-11,27,0.640753513,0.777046901,0.764331407,Cross-linked,Intra,Bound,35.66515507,35.66515507,6250,4,658.0914974,DNAPKcs,EHPFLVKGGEDLR,3747,3759,DNAPKcs,NFEQKMLK,4015,4022,[K3753-K4019],
53507,Accepted,1.98E-19,1.28E-24,0.016169533,27,1.213956801,1.178990841,1.907476731,Cross-linked,Intra,Bound - Heavy,55.7468712,55.7468712,10556,4,656.8887479,DNAPKcs,SIELFYKFVPLLPGNR,1187,1202,DNAPKcs,IIEKK,1137,1141,[K1193-K1140],
47462,Accepted,1.51E-14,1.63E-14,3.61E-05,27,1.081621638,0.930344594,0.505660623,Cross-linked,Intra,Bound - Heavy,42.47400379,42.39410937,7599,5,759.4026162,DNAPKcs,MYAALGDPKAPGLGAFR,3613,3629,DNAPKcs,KFIQTFGKEFDKHFGK,3631,3646,[K3621-K3638],
46653,Accepted,1.82E-17,3.07E-12,1.02E-09,27,1.725878682,1.368517462,0.595300327,Cross-linked,Intra,Bound - Heavy,31.35624441,31.42053777,5401,5,646.7323853,DNAPKcs,GHDEREHPFLVKGGEDLR,3742,3759,DNAPKcs,NFEQKMLK,4015,4022,[K3753-K4019],
42912,Accepted,2.90E-19,4.62E-23,0.000777391,27,0.8532361,0.696197854,1.099800343,Cross-linked,Intra,Bound,34.38009293,34.35438841,5982,4,827.4229105,DNAPKcs,TSALSDETKNNWEVSALSR,802,820,DNAPKcs,EKEIKSELK,2754,2762,[K810-K2758],
56049,Accepted,1.12E-20,2.03E-14,3.04E-13,27,1.590844722,0.601591451,0.776407909,Cross-linked,Intra,Bound - Heavy,52.93788131,52.93788131,9915,4,776.6536038,DNAPKcs,IGELFSKFYGELALK,149,163,DNAPKcs,NTCTSVYTKDR,109,119,[K155-K117],
49476,Accepted,6.11E-16,1.28E-18,0.001129348,27,1.093473202,1.314600037,1.347806314,Cross-linked,Intra,Bound,45.15542365,45.09430307,8165,5,624.7188421,DNAPKcs,VINAKDVDFMYVELIQR,375,391,DNAPKcs,NAEMHKNK,330,337,[K379-K335],
44308,Accepted,6.13E-16,1.18E-09,1.90E-13,27,1.200177295,0.539450289,3.339191938,Cross-linked,Intra,Bound,37.27105013,37.1882129,6546,5,749.7803583,DNAPKcs,GHDEREHPFLVKGGEDLR,3742,3759,DNAPKcs,KGGSWIQEINVAEK,4023,4036,[K3753-K4023],
49743,Accepted,5.14E-21,1.27E-14,6.11E-11,27,0.654931233,0.03302014,0.784006106,Cross-linked,Intra,Bound,37.98076049,37.98076049,6703,4,873.4669551,DNAPKcs,KTKNLSSNEAISLEEIR,836,852,DNAPKcs,MGQKIAPYSVEIK,96,108,[K836-K99],
65131,Accepted,1.42E-16,2.14E-10,7.47E-11,26,0.405975286,0.035122158,1.201865205,Cross-linked,Intra,Bound - Heavy,36.43715952,36.43715952,6403,5,532.5056408,DNAPKcs,APLKSVGPDFGK,2691,2702,DNAPKcs,MMPKLKPVELR,2442,2452,[K2694-K2445],
64872,Accepted,5.54E-21,1.11E-08,7.65E-16,26,1.775000617,0.507629478,4.447790428,Cross-linked,Intra,Bound,43.05378003,43.05378003,7739,4,666.8479669,DNAPKcs,APLKSVGPDFGK,2691,2702,DNAPKcs,DQEKLSLMYAR,2735,2745,[K2694-K2738],
64126,Accepted,1.58E-19,4.49E-14,7.99E-08,26,0.706516718,0.007882679,2.221809308,Cross-linked,Intra,Bound,34.62970157,34.62970157,6041,4,533.7991861,DNAPKcs,APLKSVGPDFGK,2691,2702,DNAPKcs,KYIEIR,2003,2008,[K2694-K2003],
62185,Accepted,6.71E-18,4.44E-22,0.000504197,26,0.148730898,0.278202857,1.112321486,Cross-linked,Intra,Bound - Heavy,44.11054782,44.11054782,7972,4,640.1027124,DNAPKcs,NNITQKLLQDFNR,2830,2842,DNAPKcs,FKTLSEK,2823,2829,[K2835-K2824],
57996,Accepted,1.34E-22,7.38E-24,0.001217927,26,0.726487588,0.293959823,1.081722274,Cross-linked,Intra,Bound,47.81487586,47.81487586,8772,4,656.3607101,DNAPKcs,VEGMTELYFQLKSK,2405,2418,DNAPKcs,LKPVELR,2446,2452,[K2416-K2447],
60998,Accepted,1.09E-19,2.66E-19,2.46E-07,26,0.566273005,0.533766219,2.548622441,Cross-linked,Intra,Bound - Heavy,44.93537573,44.93537573,8133,4,765.9039525,DNAPKcs,NNITQKLLQDFNR,2830,2842,DNAPKcs,EMDKFKTLSEK,2819,2829,[K2835-K2824],
60523,Accepted,5.24E-21,5.18E-24,4.48E-05,26,0.398355969,0.290204616,0.463518803,Cross-linked,Intra,Bound,45.25634323,45.25634323,8203,4,638.5932961,DNAPKcs,NNITQKLLQDFNR,2830,2842,DNAPKcs,FKTLSEK,2823,2829,[K2835-K2824],
60523,Accepted,1.89E-20,2.96E-24,7.14E-05,26,2.268022587,1.605298901,1.102423098,Cross-linked,Intra,Bound,44.75503559,44.75503559,8101,4,638.5932961,DNAPKcs,NNITQKLLQDFNR,2830,2842,DNAPKcs,FKTLSEK,2823,2829,[K2835-K2824],
68639,Accepted,8.73E-23,4.26E-18,1.07E-10,26,1.992916291,1.174690387,1.384675801,Cross-linked,Intra,Bound,30.5273358,30.5273358,5222,4,557.5312281,DNAPKcs,KQNNFSLAMK,3248,3257,DNAPKcs,MKMIDSAR,3240,3247,[K3248-K3241],
67705,Accepted,3.15E-17,2.11E-15,2.59E-06,26,0.421535224,0.592850112,1.11537493,Cross-linked,Intra,Bound - Heavy,26.68677086,26.68677086,4481,4,563.0393729,DNAPKcs,KQNNFSLAMK,3248,3257,DNAPKcs,MKMIDSAR,3240,3247,[K3248-K3241],
64759,Accepted,2.12E-25,1.07E-22,3.70E-08,26,0.657123392,0.762273606,1.892391032,Cross-linked,Intra,Bound,22.05141546,22.05141546,3578,4,493.0270674,DNAPKcs,APLKSVGPDFGK,2691,2702,DNAPKcs,VKGAAGR,2716,2722,[K2694-K2717],
61576,Accepted,2.66E-18,2.21E-20,0.000149655,26,3.35220779,1.554657995,2.502468713,Cross-linked,Intra,Bound - Heavy,26.87863947,26.87863947,4519,4,581.8254566,DNAPKcs,MGQKIAPYSVEIK,96,108,DNAPKcs,KGVAEQK,2746,2752,[K99-K2746],
57621,Accepted,3.11E-24,4.81E-12,2.82E-21,26,0.161969066,0.914231569,0.099518589,Cross-linked,Intra,Bound,30.55133683,30.55133683,5227,4,643.0959369,DNAPKcs,RLGLPGDEVDNKVK,2704,2717,DNAPKcs,SVGPDFGKK,2695,2703,[K2715-K2702],
48527,Accepted,1.81E-15,1.76E-13,2.84E-08,26,0.096078001,0.581509227,5.166216569,Cross-linked,Intra,Bound,42.51300116,42.40938174,7603,5,758.1950832,DNAPKcs,MYAALGDPKAPGLGAFR,3613,3629,DNAPKcs,KFIQTFGKEFDKHFGK,3631,3646,[K3621-K3638],
68025,Accepted,2.03E-19,1.27E-15,1.16E-08,26,0.092291595,0.206136184,0.078357351,Cross-linked,Intra,Bound,26.8199454,26.8199454,4506,4,561.5299567,DNAPKcs,KQNNFSLAMK,3248,3257,DNAPKcs,MKMIDSAR,3240,3247,[K3248-K3241],
57491,Accepted,3.78E-18,3.67E-20,0.003710143,26,2.414680142,0.086437261,0.617206355,Cross-linked,Intra,Bound,26.39369359,26.3383205,4414,4,607.5763754,DNAPKcs,NVDSNNKELSIAIR,351,364,DNAPKcs,KGVAEQK,2746,2752,[K357-K2746],
41003,Accepted,3.36E-26,8.20E-33,0.032379548,26,1.075511326,1.716606422,0.591075123,Cross-linked,Intra,Bound,16.44402135,16.44402135,2477,4,702.1104155,DNAPKcs,ICSKPVVLPKGPESESEDHR,490,509,DNAPKcs,KEAR,2009,2012,[K499-K2009],
65714,Accepted,3.00E-16,1.44E-14,4.24E-08,25,0.9506897,0.012630835,3.214340889,Cross-linked,Intra,Bound - Heavy,32.2348226,32.22659763,5544,4,597.3230809,DNAPKcs,MKQDAQVVLYR,2763,2773,DNAPKcs,SVGPDFGKK,2695,2703,[K2764-K2702],
62105,Accepted,2.89E-16,8.67E-23,19.03487437,25,0.140712555,0.654319154,0.309571396,Cross-linked,Intra,Bound - Heavy,21.98378242,21.98378242,3561,4,523.3041628,DNAPKcs,MGQKIAPYSVEIK,96,108,DNAPKcs,HLKK,833,836,[K99-K835],
61776,Accepted,7.06E-16,2.84E-18,2.94E-06,25,2.939109669,0.668186052,3.223466265,Cross-linked,Intra,Bound,43.9055297,43.9055297,7925,4,764.3945363,DNAPKcs,NNITQKLLQDFNR,2830,2842,DNAPKcs,EMDKFKTLSEK,2819,2829,[K2835-K2822;K2835-K2824],
58198,Accepted,5.72E-17,1.43E-24,0.000498533,25,0.654540096,0.59528514,0.141374841,Cross-linked plus a dead end,,Bound(+DE - OH),16.83721991,16.83721991,2549,4,608.3119141,DNAPKcs,DTSTGHKNKEFVAR,3544,3557,DNAPKcs,KNIEK,3604,3608,[K3552-K3604],
60995,Accepted,1.61E-29,5.30E-32,6.07E-08,25,0.304962639,1.019097533,0.421604198,Cross-linked,Intra,Bound - Heavy,17.44876725,17.44876725,2662,4,526.5602225,DNAPKcs,APLKSVGPDFGKK,2691,2703,DNAPKcs,VKGAAGR,2716,2722,[K2694-K2717],
60602,Accepted,5.98E-18,1.62E-13,2.72E-08,25,2.070435086,0.233601398,0.5374777,Cross-linked,Intra,Bound,44.09456107,44.09456107,7968,4,708.8666199,DNAPKcs,LGLPGDEVDNKVK,2705,2717,DNAPKcs,DQEKLSLMYAR,2735,2745,[K2715-K2738],
45356,Accepted,6.19E-29,1.24E-29,0.000125026,25,0.129357136,0.279797038,2.152928544,Cross-linked,Intra,Bound - Heavy,20.879904,20.879904,3316,4,678.61054,DNAPKcs,GHDEREHPFLVKGGEDLR,3742,3759,DNAPKcs,MLKK,4020,4023,[K3753-K4022],
41749,Accepted,2.53E-25,2.64E-15,4.23E-18,25,2.421151186,1.681444794,1.539439607,Cross-linked,Intra,Bound - Heavy,45.5966465,45.5966465,8278,4,1004.010823,DNAPKcs,TSALSDETKNNWEVSALSR,802,820,DNAPKcs,TKNLSSNEAISLEEIR,837,852,[K810-K838],
68342,Accepted,1.61E-17,5.03E-08,9.75E-16,25,1.654272878,0.212350105,0.194507806,Cross-linked,Intra,Bound - Heavy,22.97376022,22.97376022,3754,5,483.2710944,DNAPKcs,ALKLNSNEAR,3453,3462,DNAPKcs,GKPLPEYHVR,3709,3718,[K3455-K3710],
65027,Accepted,1.32E-14,4.70E-14,3.97E-07,25,0.4840242,1.200581391,0.61541211,Cross-linked,Intra,Bound,38.34094363,38.34094363,6781,4,680.8445818,DNAPKcs,EPSFDWKNFEQK,4008,4019,DNAPKcs,AELAKTPVNK,3594,3603,[K4014-K3598],
41141,Accepted,2.17E-21,1.49E-18,1.50E-08,25,0.989700462,0.112479266,2.712789975,Cross-linked,Intra,Bound - Heavy,52.77761581,52.69786234,9858,4,983.489333,DNAPKcs,KGGSWIQEINVAEKNWYPR,4023,4041,DNAPKcs,EPSFDWKNFEQK,4008,4019,[K4036-K4014],
63720,Accepted,1.87E-16,3.92E-10,4.19E-09,25,0.989198542,0.446248377,0.201393528,Cross-linked,Intra,Bound,36.47438757,36.47438757,6412,5,531.2981078,DNAPKcs,APLKSVGPDFGK,2691,2702,DNAPKcs,MMPKLKPVELR,2442,2452,[K2694-K2445],
68062,Accepted,9.40E-22,8.67E-15,1.72E-12,25,0.557952854,1.077709501,2.940752193,Cross-linked,Intra,Bound - Heavy,30.61899281,30.61899281,5242,4,559.0406444,DNAPKcs,KQNNFSLAMK,3248,3257,DNAPKcs,MKMIDSAR,3240,3247,[K3248-K3241],
62185,Accepted,8.96E-19,3.91E-21,4.73E-06,24,1.269804782,0.554583141,1.112321486,Cross-linked,Intra,Bound - Heavy,44.92666106,44.92666106,8131,4,640.1027124,DNAPKcs,NNITQKLLQDFNR,2830,2842,DNAPKcs,FKTLSEK,2823,2829,[K2835-K2824],
58376,Accepted,2.88E-14,1.67E-08,7.77E-09,24,5.345777035,0.62571117,16.33665938,Cross-linked,Intra,Bound,40.98952866,40.98839988,7318,4,788.41088,DNAPKcs,KGGSWIQEINVAEK,4023,4036,DNAPKcs,EHPFLVKGGEDLR,3747,3759,[K4023-K3753;S4026-K3753],
58468,Accepted,2.45E-19,1.16E-16,8.58E-07,24,0.801565933,0.854792654,0.616005771,Cross-linked,Intra,Bound,54.80974951,54.80974951,10341,4,725.642553,DNAPKcs,KNILEESLCELVAK,2334,2347,DNAPKcs,APLKSVGPDFGK,2691,2702,[K2334-K2694],
58205,Accepted,4.64E-19,1.90E-19,2.83E-05,24,0.380034113,0.473522553,0.158492665,Cross-linked,Intra,Bound - Heavy,41.37121348,41.37121348,7393,4,675.1101076,DNAPKcs,KGGSWIQEINVAEK,4023,4036,DNAPKcs,NFEQKMLK,4015,4022,[K4023-K4019;S4026-K4019],
43702,Accepted,8.12E-17,3.09E-26,0.005959328,24,0.809554861,0.305149185,0.598814919,Cross-linked plus a dead end,,Bound(+DE - OH - Heavy),39.53614999,39.53614999,7018,4,836.4017726,DNAPKcs,YFEGVSPKSLKHSPEDPEK,682,700,DNAPKcs,CFGTGAAGNR,1312,1321,[K689-T1315;S690-T1315],
64793,Accepted,6.58E-16,8.45E-11,9.75E-10,24,0.409611646,1.275783946,1.03026727,Cross-linked,Intra,Bound - Heavy,33.29129591,33.29129591,5759,4,714.377737,DNAPKcs,EPSFDWKNFEQK,4008,4019,DNAPKcs,AELAKTPVNKK,3594,3604,[K4014-K3598],
61299,Accepted,6.73E-17,5.58E-23,2.18045049,24,0.148960075,0.304678481,2.403243823,Cross-linked,Intra,Bound,22.02126851,22.02126851,3570,4,521.7947465,DNAPKcs,MGQKIAPYSVEIK,96,108,DNAPKcs,HLKK,833,836,[K99-K835],
67088,Accepted,1.04E-18,1.96E-21,0.003192403,24,2.396652725,2.72725152,0.523399705,Cross-linked,Intra,Bound,34.57863896,34.57863896,6029,4,517.7687298,DNAPKcs,DQEKLSLMYAR,2735,2745,DNAPKcs,TGKWK,516,520,[K2738-K518],
66044,Accepted,1.27E-16,7.26E-20,1.90E-05,24,0.923393577,0.199845737,1.691228535,Cross-linked,Intra,Bound,25.5609809,25.5609809,4261,4,593.0600032,DNAPKcs,DQEKLSLMYAR,2735,2745,DNAPKcs,HVFHPKR,2222,2228,[K2738-K2227],
68062,Accepted,1.29E-20,8.08E-13,3.62E-12,24,0.14370697,0.527895875,1.151973487,Cross-linked,Intra,Bound - Heavy,30.11661684,30.11661684,5140,4,559.0406444,DNAPKcs,KQNNFSLAMK,3248,3257,DNAPKcs,MKMIDSAR,3240,3247,[K3248-K3241],
66986,Accepted,4.48E-20,1.01E-23,0.01539183,24,0.679898002,1.390604763,2.571411508,Cross-linked,Intra,Bound,35.15517969,35.08544626,6131,4,546.7814066,DNAPKcs,DQEKLSLMYAR,2735,2745,DNAPKcs,SELKMK,2759,2764,[K2738-K2762],
64634,Accepted,3.31E-21,9.16E-14,4.29E-15,23,0.924115935,1.888329871,2.534468918,Cross-linked,Intra,Bound,46.02562484,46.02562484,8374,4,602.0985266,DNAPKcs,EPKLPVLAGCLK,214,225,DNAPKcs,KIPDTVLEK,165,173,[K216-K165],
61226,Accepted,8.93E-23,2.62E-23,2.34E-06,23,0.468783369,0.710662461,1.753287667,Cross-linked,Intra,Bound - Heavy,24.81079257,24.81079257,4115,4,677.5841887,DNAPKcs,MGQKIAPYSVEIK,96,108,DNAPKcs,GPESESEDHR,500,509,[K99-S503;K99-S505],
61161,Accepted,7.55E-18,7.13E-26,1.06E-05,23,1.240951514,1.111627844,0.78874901,Cross-linked plus a dead end,,Bound - Heavy(+DE - OH - Heavy),26.37835181,26.30046363,4407,4,556.5775613,DNAPKcs,APLKSVGPDFGKK,2691,2703,DNAPKcs,VKGAAGR,2716,2722,[K2702-K2717],
43501,Accepted,1.56E-17,5.63E-15,2.83E-08,23,0.180590897,0.296321696,0.90081458,Cross-linked,Intra,Bound,42.37544323,42.37544323,7595,4,889.1951994,DNAPKcs,TSALSDETKNNWEVSALSR,802,820,DNAPKcs,MKQDAQVVLYR,2763,2773,[K810-K2764],
40609,Accepted,8.95E-16,5.51E-15,1.98E-06,23,0.325745555,0.832968043,0.527941681,Cross-linked,Intra,Bound - Heavy,55.15131775,55.03309383,10392,4,962.2274929,DNAPKcs,DLLLNTMSQEEKAAYLSDPR,3814,3833,DNAPKcs,APPCEYKDWLTK,3834,3845,[K3825-K3840],
65439,Accepted,1.23E-16,1.87E-16,0.000521638,23,1.189219571,1.585101923,1.930369341,Cross-linked,Intra,Bound - Heavy,28.62403067,28.62403067,4868,4,554.2980705,DNAPKcs,DQEKLSLMYAR,2735,2745,DNAPKcs,KGVAEQK,2746,2752,[K2738-K2746],
66412,Accepted,2.46E-18,9.06E-18,1.78E-07,23,0.211496715,0.013630204,0.5639347,Cross-linked,Intra,Bound,32.29766982,32.29766982,5557,4,595.8136647,DNAPKcs,MKQDAQVVLYR,2763,2773,DNAPKcs,SVGPDFGKK,2695,2703,[K2764-K2702],
68370,Accepted,1.76E-16,1.22E-07,2.82E-14,22,1.823928334,0.561299396,0.910668293,Cross-linked,Intra,Bound,23.06413237,23.06413237,3771,5,482.0635614,DNAPKcs,ALKLNSNEAR,3453,3462,DNAPKcs,GKPLPEYHVR,3709,3718,[K3455-K3710],
65034,Accepted,2.02E-17,1.54E-10,2.29E-13,22,1.488753372,2.019088519,1.752793372,Cross-linked,Intra,Bound - Heavy,45.91957646,45.91957646,8351,4,603.6079429,DNAPKcs,EPKLPVLAGCLK,214,225,DNAPKcs,KIPDTVLEK,165,173,[K216-K165],
65760,Accepted,9.55E-19,9.37E-20,0.004383292,22,0.26024923,0.737064985,1.1830923,Cross-linked,Intra,Bound,28.70490293,28.70490293,4883,4,552.7886543,DNAPKcs,DQEKLSLMYAR,2735,2745,DNAPKcs,KGVAEQK,2746,2752,[K2738-K2746],
66406,Accepted,1.93E-14,4.03E-14,7.43E-05,22,0.460464436,0.135384949,0.136887475,Cross-linked,Intra,Bound - Heavy,40.69467234,40.69467234,7249,4,569.8110789,DNAPKcs,DQEKLSLMYAR,2735,2745,DNAPKcs,KYIEIR,2003,2008,[K2738-K2003],
40372,Accepted,9.78E-18,1.39E-20,0.000704263,22,0.408214102,0.765606993,2.860785846,Cross-linked,Intra,Bound,18.74066814,18.74066814,2912,5,613.1182467,DNAPKcs,ICSKPVVLPKGPESESEDHR,490,509,DNAPKcs,KGVAEQK,2746,2752,[K499-K2746],
69560,Accepted,7.23E-20,1.69E-09,1.22E-15,21,0.843459682,0.76324283,0.814535274,Cross-linked,Intra,Bound - Heavy,27.97093314,27.97093314,4729,4,507.0375878,DNAPKcs,DSKPPGNLK,3673,3681,DNAPKcs,KFIQTFGK,3631,3638,[K3675-K3631],
62750,Accepted,3.11E-21,4.78E-24,0.419612522,21,2.126724273,2.738928808,6.538528763,Cross-linked,Intra,Bound - Heavy,20.23183095,20.23183095,3194,4,455.7600202,DNAPKcs,APLKSVGPDFGK,2691,2702,DNAPKcs,KEAR,2009,2012,[K2694-K2009],
66193,Accepted,1.93E-16,1.06E-17,6.38E-05,21,0.892049905,0.99502023,2.892102487,Cross-linked,Intra,Bound,27.73337268,27.73337268,4679,4,568.7903551,DNAPKcs,FIQTFGKEFDK,3632,3642,DNAPKcs,HFGKGGSK,3643,3650,[K3638-K3646],
71879,Accepted,1.34E-19,6.97E-11,1.12E-09,21,0.726570479,0.726570479,0.68605457,Cross-linked,Intra,Bound - Heavy,17.86155935,17.86155935,2740,4,421.2492897,DNAPKcs,KGVAEQK,2746,2752,DNAPKcs,KYIEIR,2003,2008,[K2746-K2003],
72009,Accepted,3.11E-18,1.07E-09,1.64E-08,21,0.04150099,0.04150099,0.302568348,Cross-linked,Intra,Bound,17.8768482,17.8768482,2743,4,419.7398734,DNAPKcs,KGVAEQK,2746,2752,DNAPKcs,KYIEIR,2003,2008,[K2746-K2003],
40280,Accepted,1.27E-16,1.69E-13,2.96E-08,20,0.845711885,0.365872035,1.835449084,Cross-linked,Intra,Bound,30.05460514,30.08559665,5134,4,913.9669581,DNAPKcs,ICSKPVVLPKGPESESEDHR,490,509,DNAPKcs,MKQDAQVVLYR,2763,2773,[K499-K2764],
66954,Accepted,2.35E-14,2.54E-13,0.001272803,20,1.250861846,0.119723403,2.924503149,Cross-linked,Intra,Bound,40.83218441,40.78570455,7271,4,568.3016626,DNAPKcs,DQEKLSLMYAR,2735,2745,DNAPKcs,KYIEIR,2003,2008,[K2738-K2003],
68026,Accepted,5.97E-24,1.96E-27,0.000619202,18,0.703837161,0.883298647,0.210424651,Cross-linked,Intra,Bound,20.61515699,20.61515699,3267,4,465.7249021,DNAPKcs,FNNYVDCMKK,1736,1745,DNAPKcs,KEAR,2009,2012,[K1744-K2009],
69416,Accepted,5.94E-19,1.50E-22,0.00567763,17,0.259106447,0.259106447,0.981705771,Cross-linked,Intra,Bound,16.04219381,16.04219381,2400,4,422.7335854,DNAPKcs,SVGPDFGKK,2695,2703,DNAPKcs,VKGAAGR,2716,2722,[K2702-K2717],
1060,Accepted,4.97E-23,2.20E-19,8.02E-08,22,4.100927381,5.667121747,6.727900234,Cross-linked,Intra,Bound,40.26680278,40.17278167,3564,5,790.4326153,DNAPKcs,HGDLPDIQIKHSSLITPLQAVAQR,2777,2800,DNAPKcs,APLKSVGPDFGK,2691,2702,[K2786-K2694;S2788-K2694;S2789-K2694],
1664,Accepted,1.25E-14,6.75E-14,4.82E-08,21,5.379208921,6.883130135,3.625694449,Cross-linked,Intra,Bound,28.2174975,28.20486667,2241,6,609.6470643,DNAPKcs,ICSKPVVLPKGPESESEDHR,490,509,DNAPKcs,MKQDAQVVLYR,2763,2773,[K499-K2764],
1620,Accepted,1.29E-18,1.38E-17,1.60E-08,20,5.126982872,5.095190312,2.812490128,Cross-linked,Intra,Bound,38.62270917,38.644625,3347,6,637.1577928,DNAPKcs,ICSKPVVLPKGPESESEDHR,490,509,DNAPKcs,VPTYKDYVDLFR,521,532,[K499-K525],
1726,Accepted,4.99E-14,6.93E-10,1.37E-08,18,6.584954716,6.603972808,6.283697842,Cross-linked,Intra,Bound,28.29151444,28.38872167,2262,5,731.3750218,DNAPKcs,ICSKPVVLPKGPESESEDHR,490,509,DNAPKcs,MKQDAQVVLYR,2763,2773,[K499-K2764],
2040,Accepted,1.27E-10,1.58E-07,2.43E-08,16,5.782405329,5.328667399,4.056600267,Cross-linked,Intra,Bound,34.87463167,34.87463167,2911,5,749.7803583,DNAPKcs,GHDEREHPFLVKGGEDLR,3742,3759,DNAPKcs,KGGSWIQEINVAEK,4023,4036,[K3753-K4023],
2874,Accepted,7.60E-17,5.76E-09,3.79E-13,15,4.713158504,5.166577315,3.221703915,Cross-linked,Intra,Bound,32.0632175,32.05035667,2614,4,666.1071466,DNAPKcs,APLKSVGPDFGK,2691,2702,DNAPKcs,MKQDAQVVLYR,2763,2773,[K2694-K2764],
2664,Accepted,7.49E-15,1.57E-09,9.49E-10,15,4.646426494,4.693444402,3.42193184,Cross-linked,Intra,Bound,36.49542917,36.43543,3097,5,630.9301593,DNAPKcs,KGGSWIQEINVAEK,4023,4036,DNAPKcs,EHPFLVKGGEDLR,3747,3759,[K4023-K3753],
3097,Accepted,2.47E-15,4.92E-12,3.35E-06,14,5.307034431,5.3761268,3.996188712,Cross-linked,Intra,Bound,28.54909889,28.63129333,2289,4,557.5312281,DNAPKcs,KQNNFSLAMK,3248,3257,DNAPKcs,MKMIDSAR,3240,3247,[K3248-K3241],
2850,Accepted,6.64E-16,1.01E-10,1.70E-09,14,4.398014637,4.246185544,2.534468918,Cross-linked,Intra,Bound,39.776655,39.654805,3495,4,602.0985266,DNAPKcs,EPKLPVLAGCLK,214,225,DNAPKcs,KIPDTVLEK,165,173,[K216-K165],
2212,Accepted,2.96E-09,7.99E-09,0.000226288,14,6.327956437,4.620146686,3.459311918,Cross-linked,Intra,Bound,39.917415,39.917415,3528,6,610.6479562,DNAPKcs,MYAALGDPKAPGLGAFR,3613,3629,DNAPKcs,FIQTFGKEFDKHFGK,3632,3646,[K3621-T3635;K3621-K3638;K3621-K3642],
2209,Accepted,1.81E-12,3.89E-13,0.01151985,14,3.295861422,5.778471504,9.06202873,Cross-linked,Intra,Bound,40.02306833,40.02306833,3543,4,915.468296,DNAPKcs,MYAALGDPKAPGLGAFR,3613,3629,DNAPKcs,FIQTFGKEFDKHFGK,3632,3646,[K3621-K3638;K3621-K3642],
3057,Accepted,7.01E-13,8.66E-08,2.36E-08,14,6.882523399,6.530776612,5.419059327,Cross-linked,Intra,Bound,22.44677667,22.43477667,1648,5,426.6423124,DNAPKcs,LLPAELPAKR,2900,2909,DNAPKcs,GSKDHNIR,4083,4090,[K2908-K4085],
3024,Accepted,1.09E-13,1.95E-13,0.000513427,14,6.614377706,5.428922911,7.072597809,Cross-linked,Intra,Bound,25.19331,25.11506,1921,4,638.0965139,DNAPKcs,MKQDAQVVLYR,2763,2773,DNAPKcs,EKEIKSELK,2754,2762,[K2764-K2758],
2105,Accepted,4.47E-14,4.87E-12,8.80E-05,13,5.47025412,5.00821062,1.707683301,Cross-linked,Intra,Bound,41.49880167,41.55963333,3748,4,798.1573631,DNAPKcs,MYAALGDPKAPGLGAFR,3613,3629,DNAPKcs,FIQTFGKEFDK,3632,3642,[K3621-K3638],
2915,Accepted,3.53E-16,2.21E-11,1.85E-08,13,6.326896077,6.290025517,6.220753799,Cross-linked,Intra,Bound,21.6198075,21.59419167,1550,4,493.0270674,DNAPKcs,APLKSVGPDFGK,2691,2702,DNAPKcs,VKGAAGR,2716,2722,[K2694-K2717],
2698,Accepted,1.65E-11,1.38E-10,0.001380763,13,4.979985721,4.628297503,2.510389349,Cross-linked,Intra,Bound,36.9910125,36.94317333,3157,4,673.6006913,DNAPKcs,KGGSWIQEINVAEK,4023,4036,DNAPKcs,NFEQKMLK,4015,4022,[K4023-K4019],
2586,Accepted,5.01E-10,3.72E-07,4.27E-07,13,0.306310707,5.086579049,3.732801181,Cross-linked,Intra,Bound,41.31853667,41.31853667,3715,4,656.3607101,DNAPKcs,VEGMTELYFQLKSK,2405,2418,DNAPKcs,LKPVELR,2446,2452,[K2416-K2447],
3097,Accepted,2.48E-10,4.03E-06,1.22E-06,12,4.848097468,4.466051712,5.260120167,Cross-linked,Intra,Bound,29.27415667,29.24744833,2349,4,557.5312281,DNAPKcs,KQNNFSLAMK,3248,3257,DNAPKcs,MKMIDSAR,3240,3247,[K3248-K3241],
2801,Accepted,6.13E-11,3.27E-05,7.42E-11,12,5.578903986,5.410631545,3.177808343,Cross-linked,Intra,Bound,33.3102,33.3102,2741,4,674.3641433,DNAPKcs,LGLPGDEVDNKVK,2705,2717,DNAPKcs,APLKSVGPDFGK,2691,2702,[K2715-K2694],
2146,Accepted,9.77E-10,1.87E-06,6.79E-07,12,4.373079332,7.426613935,6.405403164,Cross-linked,Intra,Bound,34.45821,34.45821,2870,4,920.2221758,DNAPKcs,EHPFLVKGGEDLRQDQR,3747,3763,DNAPKcs,KGGSWIQEINVAEK,4023,4036,[K3753-K4023],
2734,Accepted,6.00E-08,1.81E-07,0.00286246,12,3.802429544,4.897569916,1.086747512,Cross-linked,Intra,Bound,39.71455167,39.71455167,3502,5,611.7170843,DNAPKcs,NNITQKLLQDFNR,2830,2842,DNAPKcs,EMDKFKTLSEK,2819,2829,[K2835-K2822;K2835-K2824],
3069,Accepted,3.97E-13,3.46E-08,2.60E-10,12,6.393063341,6.621195721,6.927980256,Cross-linked,Intra,Bound,26.87623583,26.90248,2112,4,561.7798927,DNAPKcs,CFGTGAAGNR,1312,1321,DNAPKcs,GKPLPEYHVR,3709,3718,[T1315-K3710],
2778,Accepted,2.96E-12,7.17E-11,0.001339686,11,4.642392273,4.727908739,5.161344506,Cross-linked,Intra,Bound,40.24202667,40.24202667,3574,4,638.5932961,DNAPKcs,NNITQKLLQDFNR,2830,2842,DNAPKcs,FKTLSEK,2823,2829,[K2835-K2824],
3069,Accepted,7.35E-10,2.09E-07,2.48E-09,11,5.787748726,6.022323193,6.407124441,Cross-linked,Intra,Bound,27.284975,27.284975,2144,4,561.7798927,DNAPKcs,CFGTGAAGNR,1312,1321,DNAPKcs,GKPLPEYHVR,3709,3718,[T1315-K3710],
2910,Accepted,4.12E-09,5.08E-05,2.21E-09,10,6.643352988,5.465548211,4.313988459,Cross-linked,Intra,Bound,35.33164,35.33164,2960,4,683.8219501,DNAPKcs,EPSFDWKNFEQK,4008,4019,DNAPKcs,NIEKMYER,3605,3612,[K4014-K3608],
2893,Accepted,4.25E-10,2.32E-07,2.32E-07,10,3.81943,3.727962899,2.280783274,Cross-linked,Intra,Bound,47.85270833,47.85270833,4537,4,691.8675781,DNAPKcs,VCLDIIYKMMPK,2434,2445,DNAPKcs,APLKSVGPDFGK,2691,2702,[Y2440-K2694;K2441-K2694],
2910,Accepted,5.90E-09,5.73E-05,2.25E-07,9,6.574607656,4.94706377,12.14192165,Cross-linked,Intra,Bound,35.61188,35.61188,2994,4,683.8219501,DNAPKcs,EPSFDWKNFEQK,4008,4019,DNAPKcs,NIEKMYER,3605,3612,[S4010-K3608;K4014-K3608],
3232,Accepted,9.86E-10,2.22E-05,9.62E-08,8,5.289412615,5.335772661,3.867129568,Cross-linked,Intra,Bound,23.5145275,23.52395167,1765,4,458.9967753,DNAPKcs,EFDKHFGK,3639,3646,DNAPKcs,GGSKLLR,3647,3653,[K3642-S3649;K3642-K3650],
69678,Accepted,1.64E-16,5.46E-18,3.09E-05,24,0.169807177,0.590059765,0.024389699,Cross-linked,Inter,Bound,27.5770276,27.5770276,4647,4,492.0109888,DNAPKcs,SKDFVQVMR,2417,2425,Ku70,TKAGDLR,188,194,[K2418-T188],
67631,Accepted,3.84E-20,1.54E-10,6.06E-18,23,0.948858145,1.049587171,1.248095697,Cross-linked,Inter,Bound - Heavy,19.03362466,19.03362466,2965,4,580.0837248,DNAPKcs,KKIPDTVLEK,164,173,Ku70,ETNEPVKTK,291,299,[K165-K297],
66750,Accepted,3.09E-14,1.42E-11,2.49E-09,19,0.912214703,0.006665516,0.100362467,Cross-linked,Inter,Bound,16.48277429,16.48277429,2485,4,607.7969397,DNAPKcs,NTCTSVYTKDR,109,119,Ku70,ETNEPVKTK,291,299,[T116-K297;K117-K297],
70238,Accepted,1.50E-14,8.01E-12,1.76E-06,13,0.151204098,0.151204098,1.750552958,Cross-linked,Inter,Bound - Heavy,11.96074589,11.96901334,1716,4,460.9971934,DNAPKcs,FSGKDPNSK,2260,2268,Ku70,TKAGDLR,188,194,[K2263-K189],
14680,Accepted,1.04E-43,0,0,57,1.562849739,1.581803399,1.980798089,Dead end,,DE - OH,53.48521858,53.48521858,10041,4,876.9192633,DNAPKcs,SSFDWLTGSSTDPLVDHTSPSSDSLLFAHKR,2654,2684,,,,,[K2683-],
14539,Accepted,6.58E-36,0,0,56,0.0639771,0.14359385,1.436110874,Dead end,,DE - NH,52.3318583,52.3318583,9781,4,876.6732592,DNAPKcs,SSFDWLTGSSTDPLVDHTSPSSDSLLFAHKR,2654,2684,,,,,[K2683-],
14031,Accepted,3.06E-33,0,0,56,1.279694447,1.293439479,8.334199662,Dead end,,DE - OH - Heavy,53.33704057,53.33704057,10008,4,878.4286796,DNAPKcs,SSFDWLTGSSTDPLVDHTSPSSDSLLFAHKR,2654,2684,,,,,[K2683-],
15045,Accepted,1.61E-35,0,0,53,2.067577919,2.236247031,1.5087977,Dead end,,DE - NH - Heavy,52.28433515,52.28433515,9771,4,878.1826755,DNAPKcs,SSFDWLTGSSTDPLVDHTSPSSDSLLFAHKR,2654,2684,,,,,[K2683-],
11507,Accepted,8.27E-26,0,0,52,0.201658742,1.224735605,3.31997951,Dead end,,DE - OH - Heavy,54.64786369,54.64786369,10304,5,823.800266,DNAPKcs,DPTVHDDVLELEMDELNRHECMAPLTALVKHMHR,2073,2106,,,,,[K2102-],
10537,Accepted,1.04E-20,0,0,52,0.034943144,0.933942652,2.765528204,Dead end,,DE - OH - Heavy,54.69994498,54.69994498,10316,6,686.6681011,DNAPKcs,DPTVHDDVLELEMDELNRHECMAPLTALVKHMHR,2073,2106,,,,,[K2102-],
7957,Accepted,3.22E-31,0,0,52,0.308790133,0.015282007,0.977058809,Dead end,,DE - OH - Heavy,58.43885096,58.43885096,11130,4,1015.292009,DNAPKcs,AGLLHNILPSQSTDLHHSVGTELLSLVYKGIAPGDER,1461,1497,,,,,[K1489-],
40196,Accepted,1.86E-40,0,0,52,0.118321144,1.018945548,7.574391553,Dead end,,DE - OH - Heavy,43.95236972,43.95236972,7937,4,612.0623646,DNAPKcs,SLKHSPEDPEKYSCFALFVK,690,709,,,,,[K692-],
16144,Accepted,4.23E-33,0,0,47,0.648778975,0.663457693,0.015515089,Dead end,,DE - OH,54.5974883,54.5974883,10292,4,837.8939878,DNAPKcs,SSFDWLTGSSTDPLVDHTSPSSDSLLFAHK,2654,2683,,,,,[S2672-],
11522,Accepted,3.36E-20,0,0,47,1.440827371,0.257004003,2.770558844,Dead end,,DE - NH - Heavy,54.13869608,54.13869608,10191,6,686.5040983,DNAPKcs,DPTVHDDVLELEMDELNRHECMAPLTALVKHMHR,2073,2106,,,,,[K2102-],
7474,Accepted,7.12E-29,0,0,47,0.445061004,0.593474068,0.652098186,Dead end,,DE - OH,58.48004926,58.48004926,11139,5,811.2275294,DNAPKcs,AGLLHNILPSQSTDLHHSVGTELLSLVYKGIAPGDER,1461,1497,,,,,[K1489-],
15729,Accepted,9.16E-30,0,0,46,0.07190295,0.343468522,0.48010289,Dead end,,DE - OH - Heavy,54.52346567,54.52346567,10276,4,839.403404,DNAPKcs,SSFDWLTGSSTDPLVDHTSPSSDSLLFAHK,2654,2683,,,,,[S2672-],
8153,Accepted,9.40E-31,0,0,45,0.235837566,0.304819292,0.583951633,Dead end,,DE - OH,58.60408249,58.60408249,11168,4,1013.782593,DNAPKcs,AGLLHNILPSQSTDLHHSVGTELLSLVYKGIAPGDER,1461,1497,,,,,[K1489-],
7336,Accepted,7.84E-23,0,0,44,0.094203708,0.216432504,0.076313792,Dead end,,DE - OH - Heavy,58.3367315,58.3367315,11105,5,812.4350624,DNAPKcs,AGLLHNILPSQSTDLHHSVGTELLSLVYKGIAPGDER,1461,1497,,,,,[K1489-],
29071,Accepted,1.24E-28,0,0,41,0.935689947,1.015106647,0.776937102,Dead end,,DE - NH - Heavy,45.86512427,45.86512427,8339,4,689.8885369,DNAPKcs,HGDLPDIQIKHSSLITPLQAVAQR,2777,2800,,,,,[K2786-],
15729,Accepted,5.26E-25,0,0,41,0.478085377,0.46509943,3.093864036,Dead end,,DE - OH - Heavy,55.04113312,55.04113312,10394,4,839.403404,DNAPKcs,SSFDWLTGSSTDPLVDHTSPSSDSLLFAHK,2654,2683,,,,,[S2675-],
13964,Accepted,1.10E-24,0,0,41,0.306433355,0.78432822,0.04348194,Self Linked,,Bound - Heavy,54.82646555,54.82646555,10345,4,873.9260387,DNAPKcs,SSFDWLTGSSTDPLVDHTSPSSDSLLFAHKR,2654,2684,,,,,[S2675-K2683],
41015,Accepted,3.84E-39,0,0,41,8.816493174,0.060542961,0.909097997,Dead end,,DE - NH,21.98230952,21.98230952,3560,4,580.7954725,DNAPKcs,ICSKPVVLPKGPESESEDHR,490,509,,,,,[K499-],
27828,Accepted,5.11E-26,0,0,40,0.084945545,0.458956167,0.666536702,Dead end,,DE - OH - Heavy,47.16670837,47.16670837,8629,4,690.134541,DNAPKcs,HGDLPDIQIKHSSLITPLQAVAQR,2777,2800,,,,,[K2786-],
14134,Accepted,1.20E-23,0,0,40,0.432746135,0.834008456,0.433279228,Self Linked,,Bound,55.00785311,55.00785311,10387,4,872.4166225,DNAPKcs,SSFDWLTGSSTDPLVDHTSPSSDSLLFAHKR,2654,2684,,,,,[S2675-K2683],
38889,Accepted,3.44E-35,0,0,40,1.723571455,1.006174846,2.064819353,Dead end,,DE - OH,26.04891808,26.04891808,4353,4,606.8327471,DNAPKcs,HLKKTKNLSSNEAISLEEIR,833,852,,,,,[K835-;K836-],
28526,Accepted,1.14E-31,0,0,39,0.542607937,0.970619289,0.174322545,Dead end,,DE - NH,45.93871978,45.93871978,8355,4,688.3791207,DNAPKcs,HGDLPDIQIKHSSLITPLQAVAQR,2777,2800,,,,,[K2786-],
26663,Accepted,1.90E-31,0,0,39,1.343881138,0.508940602,0.993224732,Dead end,,DE - NH,54.5116383,54.62791882,10299,4,680.611324,DNAPKcs,LAGANPAVITCDELLLGHEKAPAFR,4051,4075,,,,,[K4070-],
16724,Accepted,1.04E-33,0,0,39,0.148021689,1.077749135,0.576823801,Dead end,,DE - OH - Heavy,48.86697982,48.87744513,9001,4,849.479511,DNAPKcs,HGDLPDIQIKHSSLITPLQAVAQRDPIIAK,2777,2806,,,,,[K2786-],
14680,Accepted,1.71E-31,0,0,39,0.139727971,1.570666641,3.121153925,Dead end,,DE - OH,54.14321428,54.14321428,10192,4,876.9192633,DNAPKcs,SSFDWLTGSSTDPLVDHTSPSSDSLLFAHKR,2654,2684,,,,,[K2683-],
39087,Accepted,1.04E-38,0,0,39,0.044381192,0.199597568,0.819218627,Dead end,,DE - OH,23.54581983,23.54581983,3861,4,581.0414766,DNAPKcs,ICSKPVVLPKGPESESEDHR,490,509,,,,,[K499-],
29047,Accepted,1.75E-30,0,0,38,0.679739715,0.470810077,1.632237862,Dead end,,DE - OH,47.32283253,47.32283253,8664,4,688.6251248,DNAPKcs,HGDLPDIQIKHSSLITPLQAVAQR,2777,2800,,,,,[K2786-],
24127,Accepted,1.04E-27,0,0,38,0.951120098,1.194357938,1.490243824,Dead end,,DE - NH,48.42360874,48.42360874,8907,4,712.6350629,DNAPKcs,KLAGANPAVITCDELLLGHEKAPAFR,4050,4075,,,,,[K4070-],
17003,Accepted,2.23E-33,0,0,38,4.823635329,0.269067046,2.285868355,Self Linked,,Bound - Heavy,46.06764895,46.06764895,8382,4,860.6912443,DNAPKcs,LPKDDVHAKESKINQVFHGSCITEGNELTK,1884,1913,,,,,[S1894-K1895],
53918,Accepted,2.83E-39,0,0,38,0.315496707,0.295203948,0.198809074,Dead end,,DE - OH,38.47652628,38.47652628,6807,4,508.0251014,DNAPKcs,ALKMSPYKDILETHLR,1405,1420,,,,,[K1407-],
25359,Accepted,4.23E-29,0,0,37,1.199794323,0.671216357,1.84718031,Dead end,,DE - NH - Heavy,54.44994122,54.44994122,10261,4,682.1207403,DNAPKcs,LAGANPAVITCDELLLGHEKAPAFR,4051,4075,,,,,[K4070-],
23559,Accepted,1.38E-29,0,0,37,0.349551484,0.78205362,0.093984822,Dead end,,DE - OH,49.47730933,49.47730933,9140,4,712.881067,DNAPKcs,KLAGANPAVITCDELLLGHEKAPAFR,4050,4075,,,,,[K4070-],
16144,Accepted,5.66E-29,0,0,37,0.188877521,0.373092523,1.208983494,Dead end,,DE - OH,55.12073882,55.12073882,10410,4,837.8939878,DNAPKcs,SSFDWLTGSSTDPLVDHTSPSSDSLLFAHK,2654,2683,,,,,[S2675-],
15542,Accepted,8.20E-33,0,0,37,0.997337556,1.056156733,3.427007651,Dead end,,DE - OH,48.93628649,48.93628649,9015,4,847.9700947,DNAPKcs,HGDLPDIQIKHSSLITPLQAVAQRDPIIAK,2777,2806,,,,,[K2786-],
39966,Accepted,5.76E-31,0,0,37,0.625959045,1.327417281,1.911753074,Dead end,,DE - OH - Heavy,26.14376063,25.99898447,4342,4,608.3421633,DNAPKcs,HLKKTKNLSSNEAISLEEIR,833,852,,,,,[K835-;K836-],
26660,Accepted,2.81E-32,0,0,36,0.484821711,0.429748839,0.08009043,Self Linked,,Bound - Heavy,64.23734124,64.23734124,12358,4,761.6390618,DNAPKcs,NILEESLCELVAKQLKQHQNTMEDK,2335,2359,,,,,[K2347-K2350],
24708,Accepted,2.72E-24,0,0,36,0.782508515,0.325353958,1.511977127,Self Linked,,Bound - Heavy,58.253099,58.253099,11084,4,793.6628007,DNAPKcs,KNILEESLCELVAKQLKQHQNTMEDK,2334,2359,,,,,[K2347-K2350],
11424,Accepted,8.70E-20,0,0,36,0.256061997,1.146646158,0.761232438,Dead end,,DE - OH,49.28319338,49.28319338,9096,5,776.1720088,DNAPKcs,SSFDWLTGSSTDPLVDHTSPSSDSLLFAHKRSER,2654,2687,,,,,[K2683-],
51228,Accepted,1.19E-29,0,0,36,4.172136101,2.366444386,4.934334735,Dead end,,DE - NH - Heavy,36.70671307,36.70671307,6462,4,509.2885136,DNAPKcs,ALKMSPYKDILETHLR,1405,1420,,,,,[K1407-],
39087,Accepted,6.92E-34,0,0,36,0.556324465,0.078147041,0.819218627,Dead end,,DE - OH,24.07910961,24.07910961,3963,4,581.0414766,DNAPKcs,ICSKPVVLPKGPESESEDHR,490,509,,,,,[K499-],
40363,Accepted,8.82E-32,0,0,36,0.042985519,0.016373537,1.90197975,Dead end,,DE - OH - Heavy,23.36049061,23.36049061,3825,4,582.5508928,DNAPKcs,ICSKPVVLPKGPESESEDHR,490,509,,,,,[K499-],
16801,Accepted,6.77E-24,0,0,35,1.039668079,1.192164662,1.61628748,Self Linked,,Bound,55.69622708,55.69622708,10544,4,833.391347,DNAPKcs,SSFDWLTGSSTDPLVDHTSPSSDSLLFAHK,2654,2683,,,,,[T2671-S2672;S2672-S2674],
16466,Accepted,9.89E-20,0,0,35,6.832630127,1.052205783,3.877107488,Self Linked,,Bound - Heavy,55.81894164,55.81894164,10571,4,834.9007632,DNAPKcs,SSFDWLTGSSTDPLVDHTSPSSDSLLFAHK,2654,2683,,,,,[T2671-S2672;S2672-S2674],
14134,Accepted,5.84E-19,0,0,35,0.520169842,0.7144224,0.433279228,Self Linked,,Bound,54.27512008,54.27512008,10222,4,872.4166225,DNAPKcs,SSFDWLTGSSTDPLVDHTSPSSDSLLFAHKR,2654,2684,,,,,[S2675-K2683],
38784,Accepted,1.29E-30,0,0,35,0.460265289,0.416248152,0.192339103,Dead end,,DE - NH - Heavy,21.87490479,21.87490479,3530,4,582.3048888,DNAPKcs,ICSKPVVLPKGPESESEDHR,490,509,,,,,[K499-],
52758,Accepted,4.17E-31,0,0,35,0.601567912,0.564544735,0.947924005,Dead end,,DE - OH - Heavy,38.3150653,38.3150653,6775,4,509.5345176,DNAPKcs,ALKMSPYKDILETHLR,1405,1420,,,,,[K1407-],
27843,Accepted,5.56E-24,0,0,34,0.884941484,1.154603553,0.706013926,Self Linked,,Bound,48.76419669,48.76419669,8977,4,684.1224839,DNAPKcs,HGDLPDIQIKHSSLITPLQAVAQR,2777,2800,,,,,[K2786-S2789],
24797,Accepted,1.19E-24,0,0,34,0.214579301,0.061973257,0.484754604,Self Linked,,Bound,58.18112851,58.18112851,11068,4,792.1533845,DNAPKcs,KNILEESLCELVAKQLKQHQNTMEDK,2334,2359,,,,,[K2347-K2350],
24624,Accepted,2.94E-18,0,0,34,0.537498753,0.836410003,6.271840127,Dead end,,DE - NH - Heavy,48.23369637,48.23369637,8862,4,714.1444792,DNAPKcs,KLAGANPAVITCDELLLGHEKAPAFR,4050,4075,,,,,[K4070-],
20922,Accepted,2.20E-23,0,0,34,2.00822049,3.480060644,4.096564844,Dead end,,DE - OH,43.78960457,43.78960457,7895,4,790.1742371,DNAPKcs,SYRHGDLPDIQIKHSSLITPLQAVAQR,2774,2800,,,,,[K2786-],
21209,Accepted,9.36E-22,0,0,33,4.144029705,3.979902806,3.351085992,Dead end,,DE - OH - Heavy,43.59564876,43.59564876,7854,4,791.6836533,DNAPKcs,SYRHGDLPDIQIKHSSLITPLQAVAQR,2774,2800,,,,,[K2786-],
17299,Accepted,9.37E-18,0,0,33,0.16821442,0.188657086,0.170250263,Dead end,,DE - OH - Heavy,52.67990663,52.67990663,9855,4,816.4451394,DNAPKcs,AGLLHNILPSQSTDLHHSVGTELLSLVYK,1461,1489,,,,,[S1470-],
47068,Accepted,1.01E-33,0,0,33,1.586655211,1.604126657,2.737207215,Dead end,,DE - OH,24.16718144,24.16718144,3985,4,552.0225117,DNAPKcs,GHDEREHPFLVKGGEDLR,3742,3759,,,,,[K3753-],
52396,Accepted,1.10E-23,0,0,33,0.821674425,1.115532389,0.333968832,Dead end,,DE - OH,34.07804777,34.07804777,5926,4,512.0238299,DNAPKcs,ALKMSPYKDILETHLR,1405,1420,,,,,[K1407-],
42437,Accepted,1.50E-21,0,0,33,0.040033945,0.384616341,3.164687308,Self Linked,,Bound,45.23639843,45.23639843,8199,4,578.5721695,DNAPKcs,ANQKHQGLKLATTILQHWK,1609,1627,,,,,[K1612-K1617],
16144,Accepted,9.48E-27,0,0,32,1.246342873,1.827917273,1.208983494,Dead end,,DE - OH,56.08475886,56.04086147,10621,4,837.8939878,DNAPKcs,SSFDWLTGSSTDPLVDHTSPSSDSLLFAHK,2654,2683,,,,,[S2654-;S2655-],
52693,Accepted,6.08E-33,0,0,32,0.029478782,0.084151234,1.990971281,Dead end,,DE - OH,35.37466729,35.37466729,6191,4,497.7470095,DNAPKcs,HECMAPLTALVKHMHR,2091,2106,,,,,[K2102-],
24467,Accepted,1.65E-28,0,0,31,0.433400387,0.624726437,0.504336517,Self Linked,,Bound,68.97771857,68.97771857,13162,4,761.3963847,DNAPKcs,LSDFNDITNMLLLKMNKDSKPPGNLK,3656,3681,,,,,[K3669-K3672],
47380,Accepted,8.41E-24,0,0,31,0.869740289,0.722593661,0.139168551,Dead end,,DE - NH - Heavy,21.83452105,21.83452105,3522,4,553.2859239,DNAPKcs,GHDEREHPFLVKGGEDLR,3742,3759,,,,,[K3753-],
42437,Accepted,8.84E-21,0,0,31,0.339222951,0.757183669,0.292098392,Self Linked,,Bound,44.19042612,44.19042612,7991,4,578.5721695,DNAPKcs,ANQKHQGLKLATTILQHWK,1609,1627,,,,,[K1612-K1617],
46511,Accepted,1.07E-22,0,0,31,0.695763964,0.404663755,0.918850284,Dead end,,DE - NH,21.91475606,21.91475606,3540,4,551.7765076,DNAPKcs,GHDEREHPFLVKGGEDLR,3742,3759,,,,,[K3753-],
41479,Accepted,5.92E-24,0,0,31,0.372534372,0.953291027,1.008478833,Self Linked,,Bound - Heavy,44.40503329,44.40503329,8035,4,580.0815858,DNAPKcs,ANQKHQGLKLATTILQHWK,1609,1627,,,,,[K1612-K1617],
24031,Accepted,1.42E-19,0,0,30,0.329344636,0.321977445,0.676100832,Dead end,,DE - OH - Heavy,49.36479447,49.36479447,9116,4,714.3904833,DNAPKcs,KLAGANPAVITCDELLLGHEKAPAFR,4050,4075,,,,,[K4070-],
18651,Accepted,8.65E-24,0,0,30,0.991736611,0.851022498,1.566994751,Dead end,,DE - OH,52.80696687,52.80696687,9884,4,814.9357231,DNAPKcs,AGLLHNILPSQSTDLHHSVGTELLSLVYK,1461,1489,,,,,[S1470-],
45533,Accepted,9.94E-27,0,0,30,1.857050652,2.459699848,1.674700148,Dead end,,DE - OH - Heavy,24.10570463,24.10570463,3970,4,553.531928,DNAPKcs,GHDEREHPFLVKGGEDLR,3742,3759,,,,,[K3753-],
52618,Accepted,7.46E-24,0,0,30,0.914607745,0.618886008,0.479034224,Dead end,,DE - OH - Heavy,34.03159324,34.03159324,5916,4,513.5332462,DNAPKcs,ALKMSPYKDILETHLR,1405,1420,,,,,[K1407-],
42437,Accepted,2.45E-20,0,0,30,1.271906736,0.024591945,2.020491241,Self Linked,,Bound,44.69422103,44.69422103,8089,4,578.5721695,DNAPKcs,ANQKHQGLKLATTILQHWK,1609,1627,,,,,[K1612-K1617],
40363,Accepted,8.69E-24,0,0,30,1.847135674,1.553478924,0.185391528,Dead end,,DE - OH - Heavy,23.92515856,23.92515856,3931,4,582.5508928,DNAPKcs,ICSKPVVLPKGPESESEDHR,490,509,,,,,[K499-],
32326,Accepted,3.75E-26,0,0,29,2.765601543,2.273170007,2.199349687,Dead end,,DE - NH,19.87629305,19.87629305,3121,4,683.5878035,DNAPKcs,GHDEREHPFLVKGGEDLRQDQR,3742,3763,,,,,[K3753-],
52975,Accepted,5.29E-23,0,0,29,0.884730663,1.463500099,3.164262576,Dead end,,DE - NH - Heavy,34.09218699,34.09218699,5929,4,499.0104217,DNAPKcs,HECMAPLTALVKHMHR,2091,2106,,,,,[K2102-],
52315,Accepted,5.48E-26,0,0,29,0.488018328,0.154390876,0.010050231,Dead end,,DE - NH,34.11388609,34.11388609,5934,4,497.5010055,DNAPKcs,HECMAPLTALVKHMHR,2091,2106,,,,,[K2102-],
44949,Accepted,8.39E-15,0,0,29,1.447289423,2.155057937,8.982601812,Dead end,,DE - OH,26.19259137,26.20458154,4387,4,561.5299567,DNAPKcs,MKMIDSARKQNNFSLAMK,3240,3257,,,,,[S3245-],
34033,Accepted,4.15E-28,0,0,29,0.194013118,0.125259325,1.133738504,Dead end,,DE - OH - Heavy,21.16182954,21.16182954,3382,4,685.3432238,DNAPKcs,GHDEREHPFLVKGGEDLRQDQR,3742,3763,,,,,[K3753-],
27843,Accepted,8.24E-22,0,0,28,0.291499001,0.959706026,2.217439183,Self Linked,,Bound,50.40214607,50.40214607,9350,4,684.1224839,DNAPKcs,HGDLPDIQIKHSSLITPLQAVAQR,2777,2800,,,,,[K2786-S2788],
27843,Accepted,3.51E-25,0,0,28,1.058090894,1.012994102,2.217439183,Self Linked,,Bound,48.06225028,48.06225028,8824,4,684.1224839,DNAPKcs,HGDLPDIQIKHSSLITPLQAVAQR,2777,2800,,,,,[K2786-S2788],
50901,Accepted,2.06E-24,0,0,28,1.290627341,0.14389431,0.85126596,Dead end,,DE - OH - Heavy,35.18063437,35.18063437,6152,4,499.2564258,DNAPKcs,HECMAPLTALVKHMHR,2091,2106,,,,,[K2102-],
28350,Accepted,2.29E-17,0,0,27,0.122602735,0.054268978,3.468523516,Self Linked,,Bound - Heavy,50.30732967,50.29670387,9324,4,685.6319002,DNAPKcs,HGDLPDIQIKHSSLITPLQAVAQR,2777,2800,,,,,[K2786-S2788],
7290,Accepted,1.42E-16,0,0,27,1.808749123,0.257151203,1.296129851,Dead end,,DE - NH,58.01263007,58.01263007,11029,4,1013.536589,DNAPKcs,AGLLHNILPSQSTDLHHSVGTELLSLVYKGIAPGDER,1461,1497,,,,,[K1489-],
41479,Accepted,1.74E-23,0,0,27,0.089487899,0.716798662,1.008478833,Self Linked,,Bound - Heavy,44.92152989,44.92152989,8130,4,580.0815858,DNAPKcs,ANQKHQGLKLATTILQHWK,1609,1627,,,,,[K1612-K1617],
26457,Accepted,1.86E-25,0,0,26,0.506625289,1.378346363,1.782590653,Self Linked,,Bound,64.19167198,64.19167198,12349,4,760.1296455,DNAPKcs,NILEESLCELVAKQLKQHQNTMEDK,2335,2359,,,,,[K2347-K2350],
48111,Accepted,5.08E-21,0,0,25,0.804606585,0.221640215,2.842875391,Dead end,,DE - OH - Heavy,26.65133284,26.65133284,4474,4,536.780475,DNAPKcs,EHPFLVKGGEDLRQDQR,3747,3763,,,,,[K3753-],
40363,Accepted,1.54E-21,0,0,25,0.383481934,0.365353975,0.185391528,Dead end,,DE - OH - Heavy,25.04227807,25.04227807,4158,4,582.5508928,DNAPKcs,ICSKPVVLPKGPESESEDHR,490,509,,,,,[K499-],
52693,Accepted,5.23E-25,0,0,24,0.741214448,0.229782429,0.018081475,Dead end,,DE - OH,35.9258651,35.9258651,6301,4,497.7470095,DNAPKcs,HECMAPLTALVKHMHR,2091,2106,,,,,[K2102-],
37933,Accepted,5.75E-16,0,0,24,0.97260316,0.806373653,0.321646935,Self Linked,,Bound,66.39016869,66.39016869,12739,4,637.3447958,DNAPKcs,IMEFTTTLLNTSPEGWKLLKK,1341,1361,,,,,[K1357-K1360],
37419,Accepted,8.61E-17,0,0,24,0.546772597,0.443207136,0.330278796,Self Linked,,Bound - Heavy,66.34224744,66.34224744,12731,4,638.8542121,DNAPKcs,IMEFTTTLLNTSPEGWKLLKK,1341,1361,,,,,[K1357-K1360],
47625,Accepted,7.20E-21,0,0,23,0.438267012,1.170561332,5.496280727,Dead end,,DE - OH,26.65650552,26.65650552,4475,4,535.2710587,DNAPKcs,EHPFLVKGGEDLRQDQR,3747,3763,,,,,[K3753-],
50294,Accepted,5.42E-15,0,0,23,0.906864114,0.115504998,4.715447267,Dead end,,DE - NH - Heavy,24.5851721,24.4423259,4041,4,536.5344709,DNAPKcs,EHPFLVKGGEDLRQDQR,3747,3763,,,,,[K3753-],
62279,Accepted,2.11E-22,0,0,22,0.380630655,0.380630655,0.982506572,Dead end,,DE - OH,17.89714561,17.89714561,2747,4,414.2465938,DNAPKcs,KRESKVPADLLKR,3873,3885,,,,,[K3873-],
61906,Accepted,3.38E-21,0,0,22,0.353535151,0.353535151,0.021647312,Dead end,,DE - OH - Heavy,17.76541041,17.76541041,2722,4,415.7560101,DNAPKcs,KRESKVPADLLKR,3873,3885,,,,,[K3873-],
42094,Accepted,1.34E-18,0,0,22,1.4000083,0.698462297,0.506833647,Self Linked,,Bound,36.6081016,36.6081016,6441,4,564.2877143,DNAPKcs,FIQTFGKEFDKHFGKGGSK,3632,3650,,,,,[K3642-K3646],
57407,Accepted,8.29E-27,0,0,22,0.061475307,0.025257684,0.294833288,Self Linked,,Bound,28.18780444,28.18780444,4778,4,454.4941345,DNAPKcs,EFDKHFGKGGSKLLR,3639,3653,,,,,[S3649-K3650],
46428,Accepted,4.59E-17,0,0,19,0.441847714,0.860920595,1.525358957,Dead end,,DE - OH - Heavy,55.60337405,55.60337405,10522,4,580.8468862,DNAPKcs,EIFNFVLKAIRPQIDLKR,247,264,,,,,[K254-],
54789,Accepted,2.09E-17,0,0,16,0.369160893,0.315357955,0.986834423,Self Linked,,Bound - Heavy,28.01863533,28.01863533,4740,4,456.0035507,DNAPKcs,EFDKHFGKGGSKLLR,3639,3653,,,,,[K3642-K3646;K3646-S3649],
822,Accepted,2.83E-17,0,0,18,4.91321168,6.466862734,1.490243824,Dead end,,DE - ABC,43.99717917,43.95482333,4062,4,712.6350629,DNAPKcs,KLAGANPAVITCDELLLGHEKAPAFR,4050,4075,,,,,[K4070-],
1049,Accepted,2.86E-17,0,0,17,4.563132997,4.618604303,0.174322545,Dead end,,DE - ABC,39.57642667,39.41190667,3461,4,688.3791207,DNAPKcs,HGDLPDIQIKHSSLITPLQAVAQR,2777,2800,,,,,[K2786-],
999,Accepted,7.06E-19,0,0,17,5.993910507,5.968045217,3.629467035,Self Linked,,Bound,41.47485417,41.44464167,3734,4,684.1224839,DNAPKcs,HGDLPDIQIKHSSLITPLQAVAQR,2777,2800,,,,,[K2786-S2788;K2786-S2789;S2788-S2789],
936,Accepted,5.53E-15,0,0,17,2.574541229,3.723351354,0.476042623,Dead end,,DE - ABC,47.46731833,47.35938833,4480,4,680.611324,DNAPKcs,LAGANPAVITCDELLLGHEKAPAFR,4051,4075,,,,,[K4070-],
2234,Accepted,7.18E-16,0,0,16,4.486885266,4.202356743,4.135622425,Dead end,,Dead End,35.25782,35.245705,2950,4,508.0251014,DNAPKcs,ALKMSPYKDILETHLR,1405,1420,,,,,[K1407-],
1931,Accepted,2.75E-18,0,0,16,5.627882365,5.440702241,4.548727543,Dead end,,Dead End,24.32509667,24.28746667,1836,4,552.0225117,DNAPKcs,GHDEREHPFLVKGGEDLR,3742,3759,,,,,[K3753-],
1663,Accepted,5.42E-13,0,0,14,6.083685718,6.133540371,4.526782731,Dead end,,Dead End,25.90519083,25.923415,2019,4,606.8327471,DNAPKcs,HLKKTKNLSSNEAISLEEIR,833,852,,,,,[K835-;K836-;T837-;K838-],
835,Accepted,4.48E-09,0,0,14,4.891830231,3.241865247,5.517049312,Dead end,,Dead End,44.47666417,44.568845,4146,4,712.881067,DNAPKcs,KLAGANPAVITCDELLLGHEKAPAFR,4050,4075,,,,,[K4070-],
665,Accepted,1.63E-11,0,0,14,6.974162559,6.052819352,3.739760464,Dead end,,Dead End,38.44984389,38.36413333,3301,4,790.1742371,DNAPKcs,SYRHGDLPDIQIKHSSLITPLQAVAQR,2774,2800,,,,,[S2774-;Y2775-;K2786-],
2764,Accepted,1.64E-15,0,0,14,5.026549649,5.064934824,2.665176863,Dead end,,Dead End,40.52216833,40.52216833,3616,4,435.2431606,DNAPKcs,LLNFLMKHVFHPK,2215,2227,,,,,[K2221-],
196,Accepted,1.65E-09,0,0,13,6.220599369,4.671379134,1.01648056,Dead end,,Dead End,52.37768528,52.647605,5035,4,1013.782593,DNAPKcs,AGLLHNILPSQSTDLHHSVGTELLSLVYKGIAPGDER,1461,1497,,,,,[Y1488-;K1489-],
1634,Accepted,8.42E-11,0,0,13,4.573648236,5.776972362,3.891343222,Dead end,,DE - ABC,21.50297778,21.41611333,1525,4,580.7954725,DNAPKcs,ICSKPVVLPKGPESESEDHR,490,509,,,,,[K499-],
2186,Accepted,7.78E-11,0,0,12,5.770255655,5.016649789,5.71299336,Dead end,,Dead End,25.15165667,25.11046167,1920,4,535.2710587,DNAPKcs,EHPFLVKGGEDLRQDQR,3747,3763,,,,,[K3753-],
1753,Accepted,1.29E-11,0,0,12,3.784071306,3.748554412,2.020491241,Self Linked,,Bound,42.65445278,42.516835,3871,4,578.5721695,DNAPKcs,ANQKHQGLKLATTILQHWK,1609,1627,,,,,[K1612-K1617],
2052,Accepted,2.31E-13,0,0,12,6.12571501,6.497963402,3.066491252,Dead end,,Dead End,24.59405,24.583725,1863,3,735.6942568,DNAPKcs,GHDEREHPFLVKGGEDLR,3742,3759,,,,,[K3753-],
3195,Accepted,1.92E-11,0,0,9,2.599317863,2.599317863,2.961688068,Self Linked,,Bound,8.540231667,8.540231667,525,3,408.55079,DNAPKcs,ELHKESKTR,3261,3269,,,,,[S3266-K3267],
49514,Accepted,1.98E-25,1.84E-27,7.34E-11,39,0.505601024,0.248080399,1.696518781,Cross-linked,Inter,Bound,52.13483403,52.13483403,9737,4,889.4684917,Ku70,TFNTSTGGLLLPSDTKR,302,318,DNAPKcs,AFLGELKTQMTSAVR,199,213,[K317-K205],
33911,Accepted,5.48E-30,1.51E-34,3.95E-05,35,0.807653342,1.295716416,0.545683998,Cross-linked,Inter,Bound,47.71782454,47.71782454,8750,4,864.7187396,Ku70,DKNSVNFKNIYVLQELDNPGAK,93,114,DNAPKcs,LKPVELR,2446,2452,[K100-K2447],
1291,Accepted,1.20E-10,2.13E-08,0.000221377,15,4.650664942,5.179255708,1.016787532,Cross-linked,Inter,Bound,41.13886333,41.13886333,3694,4,864.7187396,Ku70,DKNSVNFKNIYVLQELDNPGAK,93,114,DNAPKcs,LKPVELR,2446,2452,[K100-K2447],
39366,Accepted,4.52E-36,9.74E-50,0.143712352,39,0.493878774,0.37210753,0.810245643,Cross-linked,Intra,Bound,53.03247779,53.03247779,9936,4,768.902623,Ku70,IISSDRDLLAVVFYGTEKDK,75,94,Ku70,NSVNFK,95,100,[K92-S96],
24227,Accepted,7.29E-29,1.55E-40,0.000394541,36,0.266524466,0.238235565,0.145992243,Cross-linked,Intra,Bound,30.9429703,31.00832322,5317,4,1026.950408,Ku70,TEGDEEAEEEQEENLEASGDYKYSGR,10,35,Ku70,ETNEPVKTK,291,299,[K31-K297],
24227,Accepted,7.63E-29,5.15E-40,3.95E-05,35,0.434898423,0.172813059,1.808798612,Cross-linked,Intra,Bound,31.37236651,31.37236651,5392,4,1026.950408,Ku70,TEGDEEAEEEQEENLEASGDYKYSGR,10,35,Ku70,ETNEPVKTK,291,299,[K31-K297],
56546,Accepted,1.03E-24,1.35E-30,1.15E-06,33,0.771445326,0.742560665,1.393082303,Cross-linked,Intra,Bound,41.15451259,41.15451259,7354,4,694.8620328,Ku70,NIYVLQELDNPGAKR,101,115,Ku70,DKNSVNFK,93,100,[K114-K94],
56491,Accepted,6.91E-24,8.80E-27,1.61E-06,32,0.43912933,0.81429057,0.64333482,Cross-linked,Intra,Bound - Heavy,41.08561912,41.08561912,7340,4,696.371449,Ku70,NIYVLQELDNPGAKR,101,115,Ku70,DKNSVNFK,93,100,[K114-K94],
24227,Accepted,8.22E-25,4.55E-34,4.11E-06,31,0.47649695,0.110095615,0.138239722,Cross-linked,Intra,Bound,30.17959335,30.17959335,5152,4,1026.950408,Ku70,TEGDEEAEEEQEENLEASGDYKYSGR,10,35,Ku70,ETNEPVKTK,291,299,[K31-K297],
52056,Accepted,8.68E-23,5.69E-28,9.74E-07,31,0.000314797,0.011938254,3.840233809,Cross-linked,Intra,Bound,21.3073933,21.3073933,3416,5,632.5135712,Ku70,ELVYPPDYNPEGKVTK,527,542,Ku70,RKHDNEGSGSK,543,553,[K539-K544],
49900,Accepted,1.39E-24,2.65E-24,4.42E-14,31,0.359585031,1.017795593,2.154329044,Cross-linked,Intra,Bound - Heavy,14.53088293,14.62307237,2156,5,647.3328185,Ku70,RPKVEYSEEELKTHISK,554,570,Ku70,KHDNEGSGSK,544,553,[K556-K544],
64528,Accepted,1.59E-21,1.86E-15,4.15E-15,30,0.341032926,0.136015071,0.783334752,Cross-linked,Intra,Bound - Heavy,50.6978277,50.6978277,9414,4,642.126498,Ku70,GTLGKFTVPMLK,571,582,Ku70,KQELLEALTK,596,605,[K575-K596],
23442,Accepted,6.23E-23,2.46E-32,0.000534579,28,1.542127718,0.056767249,0.429664104,Cross-linked,Intra,Bound - Heavy,30.9116973,30.97346166,5309,4,1028.459824,Ku70,TEGDEEAEEEQEENLEASGDYKYSGR,10,35,Ku70,ETNEPVKTK,291,299,[K31-K297],
67816,Accepted,6.89E-20,4.28E-16,7.62E-12,26,0.068983714,0.430971066,1.335554411,Cross-linked,Intra,Bound - Heavy,38.3823109,38.3823109,6789,4,553.3282617,Ku70,KQELLEALTK,596,605,Ku70,AYGLKSGLK,587,595,[K596-K591],
49244,Accepted,1.52E-22,8.75E-32,0.901889094,25,1.984658332,1.407860642,2.094192469,Cross-linked,Intra,Bound,34.58321365,34.58321365,6030,4,666.605396,Ku70,TFNTSTGGLLLPSDTKR,302,318,Ku70,TKAGDLR,188,194,[K317-K189],
63595,Accepted,3.60E-20,1.87E-13,1.19E-12,25,0.647474111,0.156482046,0.126440587,Cross-linked,Intra,Bound,50.7152583,50.7152583,9417,4,640.6170818,Ku70,GTLGKFTVPMLK,571,582,Ku70,KQELLEALTK,596,605,[K575-K596],
64377,Accepted,1.88E-15,5.74E-19,1.91E-05,24,0.597564795,0.948611141,2.497760603,Cross-linked,Intra,Bound - Heavy,31.1751619,31.08719116,5334,4,593.3314825,Ku70,IMATPEQVGKMK,452,463,Ku70,AYGLKSGLK,587,595,[K461-K591],
37918,Accepted,1.92E-27,1.56E-38,8.889889495,24,0.227323297,1.040836479,2.756265502,Cross-linked,Intra,Bound,60.74190043,60.75981184,11655,4,816.6847492,Ku70,IQVTPPGFQLVFLPFADDKRK,425,445,Ku70,MPFTEK,446,451,[K443-T449],
62580,Accepted,2.59E-18,5.64E-20,1.48E-05,23,0.386059093,0.41414914,1.578177046,Cross-linked,Intra,Bound,31.33158051,31.22288422,5362,4,591.8220662,Ku70,IMATPEQVGKMK,452,463,Ku70,AYGLKSGLK,587,595,[K461-K591],
63680,Accepted,4.61E-21,8.13E-25,0.020934254,22,0.531244822,0.54990999,1.062250318,Cross-linked,Intra,Bound,23.98137143,23.98137143,3942,4,569.5456059,Ku70,IMATPEQVGKMK,452,463,Ku70,VEAMNKR,511,517,[K461-K516],
64619,Accepted,1.39E-18,5.35E-21,0.001680644,22,0.631057689,0.819081816,0.353153359,Cross-linked,Intra,Bound - Heavy,31.48396685,31.48396685,5414,4,566.3262008,Ku70,IMATPEQVGKMK,452,463,Ku70,AIVEKLR,464,470,[K461-K468],
66770,Accepted,1.70E-17,7.78E-18,4.59E-05,21,2.056908761,0.687623591,1.497476772,Cross-linked,Intra,Bound,42.89344183,42.89344183,7707,4,582.3128723,Ku70,FTVPMLKEACR,576,586,Ku70,AYGLKSGLK,587,595,[K582-K591],
69094,Accepted,3.13E-16,4.93E-05,1.04E-14,21,0.136379448,0.895426987,0.086947221,Cross-linked,Intra,Bound - Heavy,35.12379257,35.12379257,6139,4,552.0590489,Ku70,LEDLLRKVR,239,247,Ku70,VHFEESSK,231,238,[K245-S237],
66396,Accepted,2.44E-20,3.78E-20,4.76E-06,21,1.548494799,1.61665844,1.219549193,Cross-linked,Intra,Bound - Heavy,42.72676224,42.72676224,7671,4,583.8222885,Ku70,FTVPMLKEACR,576,586,Ku70,AYGLKSGLK,587,595,[K582-K591;K582-S592],
63680,Accepted,7.92E-17,4.79E-20,0.017587538,20,0.179428248,0.009428315,1.062250318,Cross-linked,Intra,Bound,23.43456324,23.43456324,3839,4,569.5456059,Ku70,IMATPEQVGKMK,452,463,Ku70,VEAMNKR,511,517,[K461-K516],
63003,Accepted,5.51E-16,1.69E-17,0.003230502,20,0.471918229,0.25641605,0.382424896,Cross-linked,Intra,Bound,31.49107502,31.49107502,5417,4,564.8167846,Ku70,IMATPEQVGKMK,452,463,Ku70,AIVEKLR,464,470,[K461-K468],
67761,Accepted,8.25E-16,6.67E-07,1.90E-14,20,6.495535639,3.09705843,0.636460013,Cross-linked,Intra,Bound - Heavy,9.973183747,9.988499688,1402,4,524.7776669,Ku70,KHDNEGSGSK,544,553,Ku70,AYGLKSGLK,587,595,[K544-K591],
68085,Accepted,2.21E-19,9.38E-10,1.19E-14,20,2.317059191,0.757975389,2.293577368,Cross-linked,Intra,Bound - Heavy,21.65636864,21.65636864,3484,4,493.5521328,Ku70,THISKGTLGK,566,575,Ku70,AIVEKLR,464,470,[K570-K468],
68681,Accepted,1.17E-15,2.99E-08,1.98E-09,18,1.983361916,0.897198225,3.093977584,Cross-linked,Intra,Bound,13.82187686,13.76390666,2010,4,496.7715378,Ku70,THISKGTLGK,566,575,Ku70,VEAMNKR,511,517,[K570-K516],
68753,Accepted,2.61E-23,2.62E-27,9.40E-05,18,0.102363385,0.102363385,0.927488431,Cross-linked,Intra,Bound - Heavy,16.07644872,16.07644872,2407,4,385.9886428,Ku70,AYGLKSGLK,587,595,Ku70,VTKR,540,543,[K591-K542],
68407,Accepted,2.39E-14,7.92E-08,9.66E-11,16,0.711038656,0.538176127,0.094324296,Cross-linked,Intra,Bound - Heavy,13.69064669,13.69064669,1998,4,498.2809541,Ku70,THISKGTLGK,566,575,Ku70,VEAMNKR,511,517,[K570-K516],
2970,Accepted,3.88E-16,2.14E-10,6.07E-07,15,6.136996526,4.403064309,4.932056525,Cross-linked,Intra,Bound,38.41473611,38.36816667,3302,4,582.3128723,Ku70,FTVPMLKEACR,576,586,Ku70,AYGLKSGLK,587,595,[K582-K591],
3316,Accepted,7.96E-09,1.11E-06,0.000146086,10,7.331340869,7.331340869,6.315630913,Cross-linked,Intra,Bound,21.6225025,21.61312833,1552,4,443.5028012,Ku70,AIVEKLR,464,470,Ku70,VEAMNKR,511,517,[K468-K516],
49607,Accepted,3.99E-18,2.73E-24,2.83E-06,35,1.219252598,1.432992122,5.25356699,Cross-linked,Inter,Bound,40.84474644,40.84474644,7285,5,659.361536,Ku70,TFNTSTGGLLLPSDTKR,302,318,Ku80,TWTVVDAKTLKK,275,286,[K317-K282],
47494,Accepted,5.12E-19,3.87E-24,2.69E-09,34,1.753690419,2.020656864,1.410904696,Cross-linked,Inter,Bound - Heavy,40.74628725,40.74628725,7261,5,660.569069,Ku70,TFNTSTGGLLLPSDTKR,302,318,Ku80,TWTVVDAKTLKK,275,286,[K317-K282],
42651,Accepted,1.16E-17,2.84E-22,0.260674348,26,0.55413562,0.298254327,1.577208164,Cross-linked,Inter,Bound - Heavy,55.4747494,55.4747494,10493,5,557.3138793,Ku70,FDDPGLMLMGFKPLVLLKK,340,358,Ku80,KDEK,466,469,[K357-K466],
49353,Accepted,1.18E-15,5.04E-19,4.78E-07,23,0.986288476,1.09545912,1.386053703,Cross-linked,Inter,Bound,45.96079099,46.25642523,8423,4,791.9263619,Ku70,TFNTSTGGLLLPSDTKR,302,318,Ku80,TWTVVDAKTLK,275,285,[T316-K282;K317-K282],
48311,Accepted,2.67E-14,1.74E-15,2.56E-05,20,1.098971062,1.027250109,0.980545649,Cross-linked,Inter,Bound - Heavy,46.36670304,46.36670304,8448,4,793.4357782,Ku70,TFNTSTGGLLLPSDTKR,302,318,Ku80,TWTVVDAKTLK,275,285,[K317-K282],
66361,Accepted,9.75E-16,1.21E-18,1.663791125,17,0.406121176,0.017098992,0.520571047,Cross-linked,Inter,Bound,36.57931184,36.64789829,6450,4,486.0047475,Ku70,FTVPMLKEACR,576,586,Ku80,KFEK,126,129,[K582-K126],
29253,Accepted,2.89E-49,0,0,48,0.321265012,0.419315407,0.025701508,Self Linked,,Bound,15.50707687,15.50707687,2308,4,700.348018,Ku70,RKHDNEGSGSKRPKVEYSEEELK,543,565,,,,,[K553-K556],
24043,Accepted,6.53E-28,0,0,48,0.604203185,0.584868076,0.690686659,Self Linked,,Bound,49.32211684,49.32211684,9106,4,765.9044714,Ku70,VEYSEEELKTHISKGTLGKFTVPMLK,557,582,,,,,[S569-K570],
32700,Accepted,3.03E-42,0,0,47,2.380021165,0.476436154,0.238371054,Self Linked,,Bound - Heavy,17.06111017,17.06111017,2589,4,662.8321588,Ku70,KHDNEGSGSKRPKVEYSEEELK,544,565,,,,,[S552-K553],
20843,Accepted,2.54E-32,0,0,47,0.588627044,0.609721057,1.288669477,Self Linked,,Bound,21.44079079,21.44079079,3445,5,642.5231728,Ku70,KHDNEGSGSKRPKVEYSEEELKTHISK,544,570,,,,,[K553-K556],
20843,Accepted,3.98E-36,0,0,45,0.557506483,0.133116636,0.267694626,Self Linked,,Bound,20.92729438,20.92729438,3327,5,642.5231728,Ku70,KHDNEGSGSKRPKVEYSEEELKTHISK,544,570,,,,,[K553-K556],
24413,Accepted,2.68E-25,0,0,44,0.349218662,0.438761578,0.481981305,Self Linked,,Bound - Heavy,49.1754671,49.14274614,9063,4,767.4138877,Ku70,VEYSEEELKTHISKGTLGKFTVPMLK,557,582,,,,,[S569-K570;K570-T572],
32770,Accepted,2.52E-43,0,0,44,0.060064386,0.051117129,1.121993775,Self Linked,,Bound,17.23387494,17.23387494,2623,4,661.3227425,Ku70,KHDNEGSGSKRPKVEYSEEELK,544,565,,,,,[K553-K556],
22236,Accepted,3.07E-31,0,0,43,0.310388287,0.261927533,1.095178457,Self Linked,,Bound - Heavy,21.22360863,21.22360863,3396,5,643.7307058,Ku70,KHDNEGSGSKRPKVEYSEEELKTHISK,544,570,,,,,[K553-K556],
22236,Accepted,1.55E-25,0,0,38,0.595138962,0.532687997,1.990895668,Self Linked,,Bound - Heavy,20.80013186,20.80013186,3301,5,643.7307058,Ku70,KHDNEGSGSKRPKVEYSEEELKTHISK,544,570,,,,,[K553-K556],
23550,Accepted,6.26E-27,0,0,37,0.436309143,0.056558055,4.569591335,Self Linked,,Bound,24.09431961,24.09431961,3967,5,616.9041817,Ku70,HDNEGSGSKRPKVEYSEEELKTHISK,545,570,,,,,[K553-K556],
49060,Accepted,1.65E-32,0,0,36,0.523107059,0.15353394,0.496769421,Dead end,,DE - OH,21.08881751,21.08881751,3365,4,547.5377285,Ku70,RPKVEYSEEELKTHISK,554,570,,,,,[K556-],
33100,Accepted,1.31E-25,0,0,36,0.055766983,0.536548452,0.663190554,Self Linked,,Bound,17.22299199,17.22299199,2621,5,529.2596493,Ku70,KHDNEGSGSKRPKVEYSEEELK,544,565,,,,,[],
49495,Accepted,2.06E-28,0,0,34,0.256935124,0.289017482,0.26227256,Dead end,,DE - OH - Heavy,21.00843286,21.00843286,3345,4,549.0471448,Ku70,RPKVEYSEEELKTHISK,554,570,,,,,[K556-],
29620,Accepted,3.24E-37,0,0,33,0.418338868,0.582510323,2.043149977,Self Linked,,Bound - Heavy,15.28512002,15.28512002,2267,4,701.8574343,Ku70,RKHDNEGSGSKRPKVEYSEEELK,543,565,,,,,[K553-K556],
22206,Accepted,3.23E-20,0,0,33,0.23830354,0.141617861,0.268855421,Self Linked,,Bound,21.13709952,21.13709952,3376,6,535.6038568,Ku70,KHDNEGSGSKRPKVEYSEEELKTHISK,544,570,,,,,[S552-K553],
42303,Accepted,2.95E-26,0,0,33,0.796782159,0.564581041,0.137611989,Dead end,,DE - OH - Heavy,53.66276439,53.66276439,10080,4,566.8110789,Ku70,TKAGDLRDTGIFLDLMHLK,188,206,,,,,[K189-],
30023,Accepted,2.80E-18,0,0,32,0.058778503,0.197461373,0.233728288,Self Linked,,Bound,15.48191316,15.48191316,2303,5,560.4798697,Ku70,RKHDNEGSGSKRPKVEYSEEELK,543,565,,,,,[K553-K556],
36857,Accepted,1.81E-33,0,0,32,0.005040366,0.129695655,0.921040339,Self Linked,,Bound - Heavy,21.16669249,21.16669249,3383,4,630.8084198,Ku70,HDNEGSGSKRPKVEYSEEELK,545,565,,,,,[S552-K553],
32630,Accepted,6.07E-25,0,0,31,0.739550381,0.171182502,0.343093798,Self Linked,,Bound - Heavy,17.13947607,17.13947607,2603,5,530.4671823,Ku70,KHDNEGSGSKRPKVEYSEEELK,544,565,,,,,[S552-K553],
31533,Accepted,5.04E-16,0,0,30,0.035978958,5.55E-05,1.064649123,Self Linked,,Bound - Heavy,15.39559555,15.39559555,2287,5,561.6874027,Ku70,RKHDNEGSGSKRPKVEYSEEELK,543,565,,,,,[K553-K556],
50129,Accepted,1.14E-18,0,0,30,1.073653701,0.426721437,0.82604716,Dead end,,DE - OH,21.10243164,21.10243164,3368,5,438.2316381,Ku70,RPKVEYSEEELKTHISK,554,570,,,,,[K556-],
42512,Accepted,4.16E-22,0,0,29,0.390673769,0.039035471,0.130674421,Dead end,,DE - OH,28.92280361,28.92280361,4924,4,566.2929266,Ku70,VEYSEEELKTHISKGTLGK,557,575,,,,,[K570-],
41344,Accepted,7.53E-21,0,0,28,0.157859954,0.178276344,0.602322278,Dead end,,DE - OH - Heavy,28.85519139,28.85519139,4912,4,567.8023428,Ku70,VEYSEEELKTHISKGTLGK,557,575,,,,,[K570-],
22324,Accepted,5.60E-26,0,0,27,0.0662267,0.067955949,1.063641447,Self Linked,,Bound,21.15078007,21.15078007,3380,4,802.9021469,Ku70,KHDNEGSGSKRPKVEYSEEELKTHISK,544,570,,,,,[K553-K556],
41410,Accepted,9.80E-20,0,0,27,0.791273554,0.955401482,1.171056171,Dead end,,DE - OH,53.76560268,53.76560268,10105,4,565.3016626,Ku70,TKAGDLRDTGIFLDLMHLK,188,206,,,,,[K189-],
48596,Accepted,1.06E-14,0,0,24,0.133096092,0.058200556,0.389132356,Dead end,,DE - OH - Heavy,21.03702352,21.03702352,3353,5,439.4391711,Ku70,RPKVEYSEEELKTHISK,554,570,,,,,[K556-],
18501,Accepted,4.02E-18,0,0,19,0.141721152,0.170917856,0.062075762,Self Linked,,Bound,77.47196367,77.47196367,14420,4,837.6860522,Ku70,NLEALALDLMEPEQAVDLTLPKVEAMNKR,489,517,,,,,[K510-K516],
18456,Accepted,1.85E-15,0,0,19,0.107256181,0.157447974,1.74929448,Self Linked,,Bound - Heavy,77.50805682,77.38073136,14407,4,839.1954685,Ku70,NLEALALDLMEPEQAVDLTLPKVEAMNKR,489,517,,,,,[K510-K516],
2175,Accepted,1.37E-17,0,0,17,4.704341124,4.535492493,3.155946909,Dead end,,Dead End,23.06879667,23.01847667,1704,4,547.5377285,Ku70,RPKVEYSEEELKTHISK,554,570,,,,,[K556-],
1866,Accepted,2.84E-13,0,0,14,5.113920804,4.60632581,5.166937226,Dead end,,Dead End,27.4737375,27.457245,2163,4,566.2929266,Ku70,VEYSEEELKTHISKGTLGK,557,575,,,,,[K570-],
2216,Accepted,6.82E-11,0,0,11,3.875542452,2.935942389,4.780677067,Dead end,,Dead End,33.85169417,33.838395,2801,4,550.5496327,Ku70,VHFEESSKLEDLLRKVR,231,247,,,,,[K238-;K245-],
30910,Accepted,3.95E-31,2.87E-43,0.003817468,42,0.925536041,1.107890226,0.618202704,Cross-linked,Inter,Bound - Heavy,57.21265805,57.21265805,10867,4,883.2054548,Ku80,KYAPTEAQLNAVDALIDSMSLAK,443,465,DNAPKcs,FSGKDPNSK,2260,2268,[K443-K2263;Y444-K2263],
68167,Accepted,3.39E-25,6.47E-29,2.05E-06,26,0.229696731,0.116782168,2.442784983,Cross-linked,Inter,Bound,40.84916105,40.84916105,7286,5,493.6987948,Ku80,TLFPLIEAKK,535,544,DNAPKcs,AIRPQIDLKR,255,264,[K543-K263],
57674,Accepted,3.00E-38,1.26E-33,5.01E-20,48,0.00806806,0.156305018,0.36969838,Cross-linked,Inter,Bound,52.20120887,52.20120887,9753,4,724.9152684,Ku80,FSKSQLDIIIHSLK,142,155,Ku70,KQELLEALTK,596,605,[K144-K596],
58759,Accepted,1.99E-32,1.75E-27,2.99E-17,42,0.356520009,0.028699982,0.435007244,Cross-linked,Inter,Bound - Heavy,52.2059314,52.2059314,9754,4,726.4246846,Ku80,FSKSQLDIIIHSLK,142,155,Ku70,KQELLEALTK,596,605,[K144-K596],
50957,Accepted,1.32E-28,3.78E-32,2.64E-11,39,0.228095674,0.734012486,0.854137932,Cross-linked,Inter,Bound,35.14364401,35.14364401,6144,4,755.1473556,Ku80,KDEKTDTLEDLFPTTK,466,481,Ku70,THISKGTLGK,566,575,[K469-K570],
56395,Accepted,2.62E-20,7.25E-16,2.14E-14,33,0.771100445,0.551298132,0.559634356,Cross-linked,Inter,Bound,48.56983462,48.56983462,8937,5,605.7526611,Ku80,FSKSQLDIIIHSLKK,142,156,Ku70,KQELLEALTK,596,605,[K144-K596],
51576,Accepted,1.55E-27,1.51E-28,1.03E-10,32,0.508297691,0.694414107,1.018956057,Cross-linked,Inter,Bound - Heavy,35.20743351,35.20743351,6158,4,756.6567718,Ku80,KDEKTDTLEDLFPTTK,466,481,Ku70,THISKGTLGK,566,575,[K469-K570],
56206,Accepted,3.14E-21,4.80E-17,4.63E-15,31,1.291869635,1.185112412,0.319625573,Cross-linked,Inter,Bound - Heavy,48.63863229,48.5344902,8930,5,606.9601941,Ku80,FSKSQLDIIIHSLKK,142,156,Ku70,KQELLEALTK,596,605,[K144-K596],
50636,Accepted,4.02E-21,3.58E-24,1.06E-05,31,0.988232889,0.469035362,1.812503008,Cross-linked,Inter,Bound - Heavy,41.73519268,41.73519268,7467,4,734.8953325,Ku80,YGSDIVPFSKVDEEQMK,316,332,Ku70,ALKPPPIK,280,287,[K325-K282],
49637,Accepted,3.10E-20,2.39E-23,7.56E-05,30,0.016118588,0.460219134,0.62114378,Cross-linked,Inter,Bound,49.59708861,49.59708861,9165,4,734.1295447,Ku80,TDTLEDLFPTTKIPNPR,470,486,Ku70,KMPFTEK,445,451,[K481-K445],
49386,Accepted,1.93E-22,2.44E-25,0.00064084,28,0.217952667,0.564114563,4.132461935,Cross-linked,Inter,Bound - Heavy,49.58032885,49.58032885,9161,4,735.6389609,Ku80,TDTLEDLFPTTKIPNPR,470,486,Ku70,KMPFTEK,445,451,[K481-K445],
47423,Accepted,3.12E-17,4.23E-20,7.25E-05,28,0.393154123,1.655744436,1.31281952,Cross-linked,Inter,Bound,42.95590431,42.95590431,7719,5,673.3598849,Ku80,YGSDIVPFSKVDEEQMK,316,332,Ku70,ALKPPPIKLYR,280,290,[K325-K287],
48867,Accepted,9.87E-17,6.82E-20,2.63E-05,28,3.270515055,1.318488435,1.498292722,Cross-linked,Inter,Bound - Heavy,42.90543842,43.01107537,7730,5,674.5674179,Ku80,YGSDIVPFSKVDEEQMK,316,332,Ku70,ALKPPPIKLYR,280,290,[K325-K287],
28262,Accepted,1.91E-15,1.89E-17,3.50E-08,27,0.38735428,0.099360521,1.565396108,Cross-linked,Inter,Bound,56.69739137,56.64408197,10750,4,1059.544921,Ku80,ETVYCLNDDDETEVLKEDIIQGFR,292,315,Ku70,ALKPPPIKLYR,280,290,[K307-K287],
69442,Accepted,7.34E-20,2.17E-14,5.61E-10,25,0.710357128,1.837321429,1.517877231,Cross-linked,Inter,Bound - Heavy,25.87349074,25.87349074,4319,4,534.2988117,Ku80,VDEEQMKYK,326,334,Ku70,ALKPPPIK,280,287,[K332-K282],
58505,Accepted,7.18E-20,1.35E-18,7.26E-07,24,0.163277778,0.396239727,0.029148079,Cross-linked,Inter,Bound,51.52151987,51.45611598,9580,4,651.593248,Ku80,FFMGNQVLKVFAAR,355,368,Ku70,KMPFTEK,445,451,[K363-K445],
69166,Accepted,7.17E-20,2.55E-15,4.45E-09,24,1.636781075,1.52747432,2.618295359,Cross-linked,Inter,Bound,25.99272019,25.99272019,4340,4,532.7893955,Ku80,VDEEQMKYK,326,334,Ku70,ALKPPPIK,280,287,[K332-K282],
2569,Accepted,4.26E-13,3.00E-09,1.51E-08,17,4.768402275,3.707488156,4.888595506,Cross-linked,Inter,Bound,46.7450775,46.70652833,4412,5,580.13367,Ku80,FSKSQLDIIIHSLK,142,155,Ku70,KQELLEALTK,596,605,[K144-K596],
2590,Accepted,5.57E-12,5.55E-07,1.06E-05,13,6.056422187,5.748979605,4.508113078,Cross-linked,Inter,Bound,46.85603389,46.69060667,4410,4,724.9152684,Ku80,FSKSQLDIIIHSLK,142,155,Ku70,KQELLEALTK,596,605,[K144-K596],
3224,Accepted,7.29E-09,0.001771549,9.38E-08,11,4.502283946,5.60417334,4.495209594,Cross-linked,Inter,Bound,23.949325,23.949325,1801,4,532.7893955,Ku80,VDEEQMKYK,326,334,Ku70,ALKPPPIK,280,287,[K332-K282],
36380,Accepted,1.04E-36,1.66E-35,1.07E-22,49,0.200228365,0.282245896,0.483094744,Cross-linked,Intra,Bound - Heavy,43.76993046,43.76993046,7890,4,908.7244393,Ku80,KDQVTAQEIFQDNHEDGPTAK,545,565,Ku80,TLFPLIEAKK,535,544,[K545-K543],
46478,Accepted,2.64E-25,1.68E-20,3.03E-19,49,2.479743428,1.121468999,0.599219495,Cross-linked,Intra,Bound - Heavy,45.39069299,45.39069299,8233,5,776.0094657,Ku80,LGGHGPSFPLKGITEQQK,185,202,Ku80,KDEKTDTLEDLFPTTK,466,481,[K195-K469],
44027,Accepted,7.78E-33,1.47E-22,3.18E-25,47,1.699089499,1.371321664,4.897883859,Cross-linked,Intra,Bound - Heavy,45.38123597,45.41407746,8238,4,969.760013,Ku80,LGGHGPSFPLKGITEQQK,185,202,Ku80,KDEKTDTLEDLFPTTK,466,481,[K195-K469],
44875,Accepted,1.66E-30,1.24E-23,4.35E-22,47,1.546285253,1.569797388,2.493540504,Cross-linked,Intra,Bound,45.45164279,45.45164279,8246,5,774.8019327,Ku80,LGGHGPSFPLKGITEQQK,185,202,Ku80,KDEKTDTLEDLFPTTK,466,481,[K195-K469],
31187,Accepted,1.90E-23,1.53E-25,4.41E-14,46,0.154751125,0.302385572,2.170932851,Cross-linked,Intra,Bound,53.55514742,53.35716867,10013,5,1009.503609,Ku80,KYAPTEAQLNAVDALIDSMSLAK,443,465,Ku80,KKDQVTAQEIFQDNHEDGPTAK,544,565,[K443-K545],
31284,Accepted,1.19E-28,1.91E-27,2.28E-19,45,3.120331593,0.458115642,1.261237721,Cross-linked,Intra,Bound - Heavy,53.31765325,53.31765325,10003,5,1010.711142,Ku80,KYAPTEAQLNAVDALIDSMSLAK,443,465,Ku80,KKDQVTAQEIFQDNHEDGPTAK,544,565,[K443-K544;K443-K545],
32474,Accepted,3.80E-23,5.05E-24,4.23E-11,40,0.311912943,0.111454104,0.173034986,Cross-linked,Intra,Bound,41.82481143,41.85527387,7490,5,774.2092765,Ku80,KKDQVTAQEIFQDNHEDGPTAK,544,565,Ku80,IKTLFPLIEAK,533,543,[K544-K534],
37266,Accepted,2.56E-19,1.80E-24,6.40E-09,40,0.468315499,0.774350632,2.10338264,Cross-linked,Intra,Bound,43.8074416,43.8074416,7900,5,725.9734738,Ku80,KDQVTAQEIFQDNHEDGPTAK,545,565,Ku80,TLFPLIEAKK,535,544,[K545-K543],
31349,Accepted,6.09E-28,2.27E-36,0.00023254,36,1.028302757,0.586313438,1.746668537,Cross-linked,Intra,Bound,20.62539618,20.62539618,3269,5,688.1672027,Ku80,KKDQVTAQEIFQDNHEDGPTAKK,544,566,Ku80,VLVKQK,600,605,[K565-K603],
30089,Accepted,6.73E-25,3.57E-35,0.002630868,36,0.654441968,0.574250602,1.834996172,Cross-linked,Intra,Bound - Heavy,20.50285044,20.50285044,3244,5,689.3747357,Ku80,KKDQVTAQEIFQDNHEDGPTAKK,544,566,Ku80,VLVKQK,600,605,[K565-K603],
67517,Accepted,1.05E-25,1.10E-22,4.29E-11,33,0.19395795,0.721230478,0.105591719,Cross-linked,Intra,Bound - Heavy,40.88084923,40.88084923,7294,4,539.8150576,Ku80,FNNFLKALQEK,655,665,Ku80,KFLAPK,703,708,[K660-K703],
67080,Accepted,1.23E-28,2.21E-22,1.78E-13,30,0.354236123,0.326472795,0.666907371,Cross-linked,Intra,Bound,40.96793161,40.96793161,7313,4,538.3056413,Ku80,FNNFLKALQEK,655,665,Ku80,KFLAPK,703,708,[K660-K703],
36895,Accepted,9.03E-16,3.09E-19,1.93E-07,30,0.72096413,0.108542651,1.366922392,Cross-linked,Intra,Bound - Heavy,43.7828258,43.89005599,7920,5,727.1810068,Ku80,KDQVTAQEIFQDNHEDGPTAK,545,565,Ku80,TLFPLIEAKK,535,544,[K545-K543],
59803,Accepted,4.60E-26,1.05E-23,1.24E-07,29,1.706870694,1.675164477,2.317824049,Cross-linked,Intra,Bound,26.15619971,26.15619971,4376,4,638.0984799,Ku80,AFREEAIKFSEEQR,641,654,Ku80,VLVKQK,600,605,[K648-K603],
60760,Accepted,3.80E-21,1.09E-09,1.46E-15,26,1.157264044,1.225591575,3.781798754,Cross-linked,Intra,Bound,49.79164682,49.79164682,9208,4,698.609358,Ku80,SEGKCFSVLGFCK,335,347,Ku80,IAAYKSILQER,261,271,[K338-K265],
34368,Accepted,4.51E-23,3.56E-19,1.54E-11,25,0.629542773,0.970097575,0.530089824,Cross-linked,Intra,Bound,42.02421782,42.02421782,7524,4,967.5097765,Ku80,KKDQVTAQEIFQDNHEDGPTAK,544,565,Ku80,IKTLFPLIEAK,533,543,[K544-K534;K545-K534],
54340,Accepted,1.34E-19,1.10E-23,0.000738732,25,0.632372022,0.020805178,0.823896096,Cross-linked,Intra,Bound,16.01070324,16.01070324,2394,4,583.8114817,Ku80,EEASGSSVTAEEAKK,689,703,Ku80,VLVKQK,600,605,[K702-K603],
31497,Accepted,5.04E-16,2.48E-16,1.23E-06,24,0.336508912,0.701423697,1.64990034,Cross-linked,Intra,Bound - Heavy,58.25656204,58.15621261,11063,4,882.477545,Ku80,EPLPPIQQHIWNMLNPPAEVTTK,503,525,Ku80,SQIPLSK,526,532,[T524-S526],
60963,Accepted,7.15E-16,1.57E-10,3.53E-08,23,0.083843544,13.05311928,1.751131444,Cross-linked,Intra,Bound - Heavy,49.81633535,49.8330783,9218,4,700.1187743,Ku80,SEGKCFSVLGFCK,335,347,Ku80,IAAYKSILQER,261,271,[K338-K265],
67208,Accepted,2.27E-17,1.50E-17,0.00025512,23,0.749491531,0.928635359,1.513184842,Cross-linked,Intra,Bound,23.04554946,23.04554946,3767,4,544.5468246,Ku80,EEAIKFSEEQR,644,654,Ku80,VLVKQK,600,605,[K648-K603],
60044,Accepted,7.59E-20,2.45E-15,6.56E-07,22,2.887334616,2.476506566,4.527773997,Cross-linked,Intra,Bound - Heavy,25.98028102,25.98028102,4337,4,639.6078961,Ku80,AFREEAIKFSEEQR,641,654,Ku80,VLVKQK,600,605,[K648-K603],
66824,Accepted,1.28E-18,4.19E-16,4.88E-07,21,2.110313464,0.784463641,1.329598445,Cross-linked,Intra,Bound,32.52573691,32.52573691,5602,4,551.2942674,Ku80,IAAYKSILQER,261,271,Ku80,YAYDKR,395,400,[K265-K399],
67280,Accepted,2.63E-18,2.78E-17,1.87E-06,21,0.949466667,0.951314047,0.439515168,Cross-linked,Intra,Bound - Heavy,22.8043457,22.8043457,3723,4,546.0562409,Ku80,EEAIKFSEEQR,644,654,Ku80,VLVKQK,600,605,[K648-K603],
2987,Accepted,3.32E-13,1.39E-10,4.52E-06,15,4.402964317,4.233609505,4.430362469,Cross-linked,Intra,Bound,37.53602,37.53602,3220,4,538.3056413,Ku80,FNNFLKALQEK,655,665,Ku80,KFLAPK,703,708,[K660-K703],
2987,Accepted,1.81E-12,4.36E-09,2.31E-08,13,4.672860352,4.394691835,4.906134729,Cross-linked,Intra,Bound,37.16179778,37.03506167,3168,4,538.3056413,Ku80,FNNFLKALQEK,655,665,Ku80,KFLAPK,703,708,[K660-K703],
31233,Accepted,1.45E-39,0,0,52,0.006333582,0.029812014,1.832462705,Dead end,,DE - OH - Heavy,21.20964668,21.20964668,3393,4,687.5992609,Ku80,KKDQVTAQEIFQDNHEDGPTAKK,544,566,,,,,[K565-],
11976,Accepted,2.18E-36,0,0,46,0.044501907,0.927932614,0.405649977,Self Linked,,Bound - Heavy,55.76660647,55.76660647,10561,4,1008.25841,Ku80,TLKKEDIQKETVYCLNDDDETEVLKEDIIQGFR,283,315,,,,,[K285-K286],
30463,Accepted,7.59E-40,0,0,44,1.046190915,0.466345226,1.684910526,Dead end,,DE - OH,21.32250524,21.32250524,3420,4,686.0898447,Ku80,KKDQVTAQEIFQDNHEDGPTAKK,544,566,,,,,[K565-],
16498,Accepted,1.34E-34,0,0,43,0.46359779,0.399721133,3.287053245,Dead end,,DE - NH,53.80137398,53.80137398,10114,4,925.4489587,Ku80,KEDIQKETVYCLNDDDETEVLKEDIIQGFR,286,315,,,,,[K291-],
25532,Accepted,3.28E-31,0,0,42,1.97473517,0.461230304,0.501754545,Self Linked,,Bound - Heavy,28.14755151,28.0850788,4754,4,743.3913735,Ku80,KKDQVTAQEIFQDNHEDGPTAKKLK,544,568,,,,,[K565-K566],
32950,Accepted,3.51E-36,0,0,42,0.147713079,0.210419193,0.154476743,Dead end,,DE - NH,24.07453457,24.07453457,3962,4,653.8201017,Ku80,KKDQVTAQEIFQDNHEDGPTAK,544,565,,,,,[K544-],
25728,Accepted,1.18E-30,0,0,41,0.900960681,0.256976559,1.28996263,Self Linked,,Bound,28.14758081,28.14758081,4768,4,741.8819573,Ku80,KKDQVTAQEIFQDNHEDGPTAKKLK,544,568,,,,,[K565-K566],
30329,Accepted,5.01E-29,0,0,40,0.883853163,0.259643284,1.691347115,Dead end,,DE - NH,19.82885719,19.82885719,3112,4,685.8438406,Ku80,KKDQVTAQEIFQDNHEDGPTAKK,544,566,,,,,[K565-],
34417,Accepted,4.82E-33,0,0,40,1.35585206,1.203531077,0.160534232,Dead end,,DE - OH,26.60971117,26.60971117,4465,4,654.0661058,Ku80,KKDQVTAQEIFQDNHEDGPTAK,544,565,,,,,[K544-;K545-],
33438,Accepted,1.64E-26,0,0,40,0.037159209,0.279421742,3.78893356,Dead end,,DE - NH - Heavy,24.02687585,24.02687585,3951,4,655.3295179,Ku80,KKDQVTAQEIFQDNHEDGPTAK,544,565,,,,,[K544-],
31233,Accepted,1.62E-31,0,0,39,1.884208771,5.471774002,5.793414388,Dead end,,DE - OH - Heavy,21.68547402,21.68547402,3491,4,687.5992609,Ku80,KKDQVTAQEIFQDNHEDGPTAKK,544,566,,,,,[K565-],
31217,Accepted,9.87E-25,0,0,39,0.065409832,0.075809635,0.248963773,Dead end,,DE - OH - Heavy,21.23058774,21.23058774,3398,5,550.2808641,Ku80,KKDQVTAQEIFQDNHEDGPTAKK,544,566,,,,,[K565-],
14648,Accepted,3.92E-25,0,0,39,2.652970496,0.624889891,0.025352314,Dead end,,DE - OH,43.85142951,43.85142951,7911,4,907.2150231,Ku80,TLFPLIEAKKKDQVTAQEIFQDNHEDGPTAK,535,565,,,,,[K543-;K544-],
31910,Accepted,1.04E-23,0,0,38,1.867044647,1.586935191,0.730655713,Dead end,,DE - OH - Heavy,25.72684813,25.72684813,4292,4,655.575522,Ku80,KKDQVTAQEIFQDNHEDGPTAK,544,565,,,,,[K545-],
30699,Accepted,1.05E-28,0,0,38,1.754341708,0.965785208,1.082412855,Dead end,,DE - NH - Heavy,19.766145,19.766145,3101,4,687.3532569,Ku80,KKDQVTAQEIFQDNHEDGPTAKK,544,566,,,,,[K565-],
30104,Accepted,2.63E-29,0,0,38,0.970003607,0.344398023,1.218416489,Dead end,,DE - OH,21.38932605,21.32692204,3421,5,549.0733311,Ku80,KKDQVTAQEIFQDNHEDGPTAKK,544,566,,,,,[K565-],
16982,Accepted,4.77E-33,0,0,38,0.434075465,0.176472652,3.353073185,Dead end,,DE - NH - Heavy,53.76928147,53.76928147,10106,4,926.958375,Ku80,KEDIQKETVYCLNDDDETEVLKEDIIQGFR,286,315,,,,,[K291-],
13493,Accepted,3.15E-20,0,0,37,1.214475565,0.525397966,0.257269672,Self Linked,,Bound,61.24869715,61.24869715,11753,4,936.7602413,Ku80,EPLPPIQQHIWNMLNPPAEVTTKSQIPLSKIK,503,534,,,,,[S531-K532],
31910,Accepted,1.68E-25,0,0,36,1.260973166,0.982942871,0.794721559,Dead end,,DE - OH - Heavy,26.46900558,26.46900558,4438,4,655.575522,Ku80,KKDQVTAQEIFQDNHEDGPTAK,544,565,,,,,[K544-;K545-],
13712,Accepted,4.70E-18,0,0,36,2.11128276,1.396159617,2.548692623,Self Linked,,Bound - Heavy,61.15558566,61.1140017,11728,4,938.2696576,Ku80,EPLPPIQQHIWNMLNPPAEVTTKSQIPLSKIK,503,534,,,,,[S531-K532],
16682,Accepted,2.10E-31,0,0,35,1.334849798,1.234883219,1.821552308,Self Linked,,Bound,60.11629668,60.0238311,11494,4,921.192322,Ku80,KEDIQKETVYCLNDDDETEVLKEDIIQGFR,286,315,,,,,[K286-K291],
31233,Accepted,1.75E-26,0,0,34,0.052752394,0.51467894,0.378127225,Dead end,,DE - OH - Heavy,30.68048638,30.62680904,5244,4,687.5992609,Ku80,KKDQVTAQEIFQDNHEDGPTAKK,544,566,,,,,[K565-],
15397,Accepted,1.09E-20,0,0,33,0.773405624,0.833063837,0.1452947,Dead end,,DE - OH,58.29578059,58.29578059,11095,4,880.9681287,Ku80,EPLPPIQQHIWNMLNPPAEVTTKSQIPLSK,503,532,,,,,[K525-],
25606,Accepted,2.54E-16,0,0,29,0.591435009,0.151916437,1.194738272,Dead end,,DE - OH - Heavy,41.01994023,40.95426133,7310,4,696.3868331,Ku80,LGGHGPSFPLKGITEQQKEGLEIVK,185,209,,,,,[K195-],
25405,Accepted,3.28E-14,0,0,27,0.792457475,0.176159626,0.840436006,Dead end,,DE - OH,40.99281825,40.99281825,7319,4,694.8774168,Ku80,LGGHGPSFPLKGITEQQKEGLEIVK,185,209,,,,,[K195-],
53655,Accepted,1.64E-15,0,0,21,1.076310866,1.035306282,30.12810117,Dead end,,DE - OH - Heavy,45.85295622,45.85295622,8336,3,667.677528,Ku80,KDEKTDTLEDLFPTTK,466,481,,,,,[K469-],
1113,Accepted,1.30E-17,0,0,17,6.928675663,7.117361757,5.60276476,Dead end,,Dead End,22.2543375,22.33337167,1636,4,686.0898447,Ku80,KKDQVTAQEIFQDNHEDGPTAKK,544,566,,,,,[K565-],
2545,Accepted,1.26E-12,0,0,16,4.566388465,7.181217289,4.469122677,Dead end,,Dead End,40.6079275,40.53610667,3618,4,468.5213533,Ku80,FSKSQLDIIIHSLKK,142,156,,,,,[K144-],
983,Accepted,1.27E-11,0,0,14,5.605621475,5.485122421,3.615256492,Self Linked,,Bound,27.837625,27.837625,2203,4,741.8819573,Ku80,KKDQVTAQEIFQDNHEDGPTAKKLK,544,568,,,,,[K565-K566],
412,Accepted,1.16E-08,0,0,14,5.720319886,5.418793565,5.770909935,Dead end,,Dead End,38.52265375,38.30177833,3292,5,725.9734738,Ku80,TLFPLIEAKKKDQVTAQEIFQDNHEDGPTAK,535,565,,,,,[K543-;K544-;K545-],
1404,Accepted,6.60E-09,0,0,11,6.050970386,5.609827508,6.276124032,Dead end,,Dead End,25.34598167,25.34598167,1952,4,654.0661058,Ku80,KKDQVTAQEIFQDNHEDGPTAK,544,565,,,,,[K544-;K545-],
