Peptide ID,Decision,E,E-Alpha,E-Beta,Fragment Count,Monoisotopic PPM,Highest Peak PPM,Selected Precursor PPM,Type,Intra/Inter,Modification Name,Peptide RT,Best MS2 RT,Best MS2 Scan Number,z,m/z,Protein 1,Peptide 1,Start 1,Stop 1,Protein 2,Peptide 2,Start 2,Stop 2,Selected Sites,Notes
4502,Accepted,2.21E-47,0,0,61,0.078448737,0.025689851,1.068433906,Dead end,,Dead End - OH,49.28836203,49.28836203,9613,4,847.9700947,DNAPKcs,HGDLPDIQIKHSSLITPLQAVAQRDPIIAK,2777,2806,,,,,[K2786-],
4128,Accepted,1.03E-29,1.82E-42,1.50E-06,55,4.085584634,2.296588063,0.487118704,Cross-linked,Intra,Bound Heavy,50.93975691,50.93975691,9985,5,942.2754592,DNAPKcs,SSFDWLTGSSTDPLVDHTSPSSDSLLFAHKR,2654,2684,DNAPKcs,APLKSVGPDFGK,2691,2702,[K2683-K2694],
5974,Accepted,3.87E-33,0,0,53,0.013327951,0.024058758,1.288669477,Self Linked,,Bound,22.83241774,22.83241774,3783,5,642.5231728,Ku70,KHDNEGSGSKRPKVEYSEEELKTHISK,544,570,,,,,[S552-K553;K553-K556],
3951,Accepted,2.07E-25,5.83E-35,3.77E-08,50,2.829524868,1.628678497,1.578720607,Cross-linked,Intra,Bound,50.92879038,50.92879038,9983,5,941.0679262,DNAPKcs,SSFDWLTGSSTDPLVDHTSPSSDSLLFAHKR,2654,2684,DNAPKcs,APLKSVGPDFGK,2691,2702,[K2683-K2694],
6747,Accepted,4.29E-47,0,0,49,1.767482849,1.669990036,0.244324656,Dead end,,Dead End - OH,54.41887528,54.41887528,10750,4,777.6538108,Ku70,LGSLVDEFKELVYPPDYNPEGKVTKR,518,543,,,,,[K539-;T541-],
3804,Accepted,1.70E-35,0,0,47,4.755724722,4.63148272,3.780614271,Dead end,,Dead End Heavy - OH,53.82990463,53.82990463,10616,4,878.4286796,DNAPKcs,SSFDWLTGSSTDPLVDHTSPSSDSLLFAHKR,2654,2684,,,,,[K2683-],
12226,Accepted,1.72E-35,1.98E-33,3.47E-21,45,0.366454853,0.660918792,2.818236079,Cross-linked,Intra,Bound Heavy,44.54857072,44.49939128,8514,4,908.7244393,Ku80,KDQVTAQEIFQDNHEDGPTAK,545,565,Ku80,TLFPLIEAKK,535,544,[K545-K543],
9697,Accepted,7.15E-34,0,0,45,0.243381096,0.233965199,0.378127225,Dead end,,Dead End Heavy - OH,21.6887412,21.6887412,3528,4,687.5992609,Ku80,KKDQVTAQEIFQDNHEDGPTAKK,544,566,,,,,[K565-],
6871,Accepted,1.70E-34,0,0,45,1.450885403,1.625906601,0.99337337,Dead end,,Dead End Heavy - OH,54.46642152,54.46642152,10759,4,779.1632271,Ku70,LGSLVDEFKELVYPPDYNPEGKVTKR,518,543,,,,,[K539-],
4541,Accepted,1.22E-35,0,0,45,0.070177745,0.361154861,0.200190454,Self Linked,,Bound,46.67452176,46.67452176,8999,4,859.1818281,DNAPKcs,LPKDDVHAKESKINQVFHGSCITEGNELTK,1884,1913,,,,,[S1894-K1895],
10379,Accepted,4.99E-42,0,0,44,0.324973445,0.280648864,1.902248207,Self Linked,,Bound,17.90749886,17.90749886,2744,4,661.3227425,Ku70,KHDNEGSGSKRPKVEYSEEELK,544,565,,,,,[K553-K556],
4618,Accepted,3.43E-30,0,0,44,1.031768098,1.131332579,0.691151679,Dead end,,Dead End - OH,49.2727605,49.2727605,9609,5,678.5775311,DNAPKcs,HGDLPDIQIKHSSLITPLQAVAQRDPIIAK,2777,2806,,,,,[K2786-],
6135,Accepted,2.61E-30,0,0,43,0.055596306,0.165865375,2.011710782,Self Linked,,Bound Heavy,22.47727628,22.42804465,3692,5,643.7307058,Ku70,KHDNEGSGSKRPKVEYSEEELKTHISK,544,570,,,,,[K553-K556],
4477,Accepted,1.27E-28,0,0,43,1.88488764,1.831461895,3.595920303,Dead end,,Dead End - OH,54.92289787,54.92289787,10863,4,837.8939878,DNAPKcs,SSFDWLTGSSTDPLVDHTSPSSDSLLFAHK,2654,2683,,,,,[S2672-],
4440,Accepted,2.08E-35,0,0,43,0.121483206,0.248481502,0.576823801,Dead end,,Dead End Heavy - OH,49.07866317,49.07866317,9562,4,849.479511,DNAPKcs,HGDLPDIQIKHSSLITPLQAVAQRDPIIAK,2777,2806,,,,,[K2786-],
4346,Accepted,5.76E-29,0,0,43,0.916142316,1.377578679,1.902541727,Dead end,,Dead End Heavy - OH,54.88296114,54.88296114,10854,4,839.403404,DNAPKcs,SSFDWLTGSSTDPLVDHTSPSSDSLLFAHK,2654,2683,,,,,[S2672-],
3849,Accepted,9.89E-40,0,0,43,1.032847395,1.629879333,5.401865599,Dead end,,Dead End - OH,49.75440946,49.64169182,9694,4,876.9192633,DNAPKcs,SSFDWLTGSSTDPLVDHTSPSSDSLLFAHKR,2654,2684,,,,,[S2674-;S2675-],
9925,Accepted,1.68E-26,0,0,42,0.360186026,0.437475758,2.262983677,Dead end,,Dead End Heavy - NH,23.78557441,23.78557441,3980,4,655.3295179,Ku80,KKDQVTAQEIFQDNHEDGPTAK,544,565,,,,,[K544-],
14321,Accepted,7.77E-37,0,0,42,0.017111396,0.040854299,0.386599552,Dead end,,Dead End Heavy - OH,38.01953728,38.01953728,7032,4,584.5842266,DNAPKcs,ANQKHQGLKLATTILQHWK,1609,1627,,,,,[K1617-],
9466,Accepted,5.25E-37,0,0,41,0.449759059,0.04994375,0.372443133,Dead end,,Dead End Heavy - NH,20.37384527,20.37384527,3264,4,687.3532569,Ku80,KKDQVTAQEIFQDNHEDGPTAKK,544,566,,,,,[K565-],
8955,Accepted,1.95E-36,0,0,41,2.620467881,0.210046244,0.227375469,Dead end,,Dead End - OH,21.98829531,21.98829531,3597,4,686.0898447,Ku80,KKDQVTAQEIFQDNHEDGPTAKK,544,566,,,,,[K565-],
8455,Accepted,2.12E-26,0,0,41,0.8226327,1.114339798,0.666536702,Dead end,,Dead End Heavy - OH,47.69174679,47.69174679,9245,4,690.134541,DNAPKcs,HGDLPDIQIKHSSLITPLQAVAQR,2777,2800,,,,,[K2786-],
6135,Accepted,4.45E-26,0,0,41,0.35611043,0.379953219,1.095178457,Self Linked,,Bound Heavy,23.25910928,23.25910928,3868,5,643.7307058,Ku70,KHDNEGSGSKRPKVEYSEEELKTHISK,544,570,,,,,[K553-K556],
4631,Accepted,7.94E-24,0,0,41,1.16373437,1.651877673,1.376905804,Dead end,,Dead End Heavy - OH,49.11387853,49.11387853,9571,5,679.7850641,DNAPKcs,HGDLPDIQIKHSSLITPLQAVAQRDPIIAK,2777,2806,,,,,[K2786-],
17521,Accepted,3.22E-29,3.35E-32,1.98E-11,40,1.225946086,0.724378642,1.817282925,Cross-linked,Intra,Bound,19.65773344,19.64453982,3111,5,620.5062943,Ku70,RPKVEYSEEELKTHISK,554,570,Ku70,HDNEGSGSK,545,553,[K556-S552],
11275,Accepted,1.93E-31,0,0,40,0.057832642,0.1956081,0.154476743,Dead end,,Dead End - NH,23.83644951,23.83644951,3990,4,653.8201017,Ku80,KKDQVTAQEIFQDNHEDGPTAK,544,565,,,,,[K544-],
15672,Accepted,8.46E-23,1.43E-22,4.64E-10,39,0.063102156,0.34249447,0.93387878,Cross-linked,Intra,Bound,35.71134141,35.67396669,6523,5,622.136419,DNAPKcs,LGLPGDEVDNKVKGAAGR,2705,2722,DNAPKcs,APLKSVGPDFGK,2691,2702,[K2717-K2694],
19679,Accepted,9.72E-28,1.69E-39,0.099874972,39,1.967073015,1.65491775,2.977109808,Cross-linked,Intra,Bound,54.91134158,54.91134158,10860,4,670.1130052,DNAPKcs,MKLSDFNDITNMLLLK,3654,3669,DNAPKcs,TPVNKK,3599,3604,[K3655-K3603],
11130,Accepted,1.26E-31,0,0,38,0.806001605,0.58499209,0.160534232,Dead end,,Dead End - OH,27.22981064,27.22981064,4701,4,654.0661058,Ku80,KKDQVTAQEIFQDNHEDGPTAK,544,565,,,,,[K544-;K545-],
10421,Accepted,4.34E-37,0,0,38,0.559636888,0.452743111,1.751055234,Dead end,,Dead End - NH,20.20160335,20.20160335,3230,4,683.5878035,DNAPKcs,GHDEREHPFLVKGGEDLRQDQR,3742,3763,,,,,[K3753-],
10155,Accepted,3.63E-30,0,0,38,0.68100104,0.48104405,0.730655713,Dead end,,Dead End Heavy - OH,27.1349764,27.1349764,4680,4,655.575522,Ku80,KKDQVTAQEIFQDNHEDGPTAK,544,565,,,,,[K544-;K545-],
10155,Accepted,5.47E-24,0,0,38,0.550666851,0.3764698,0.794721559,Dead end,,Dead End Heavy - OH,25.33253901,25.33253901,4314,4,655.575522,Ku80,KKDQVTAQEIFQDNHEDGPTAK,544,565,,,,,[K544-;K545-],
9697,Accepted,7.97E-65,0,0,38,0.070577604,2.056087574,1.832462705,Dead end,,Dead End Heavy - OH,22.25450162,22.20375632,3644,4,687.5992609,Ku80,KKDQVTAQEIFQDNHEDGPTAKK,544,566,,,,,[T563-;K565-],
6796,Accepted,4.11E-33,0,0,38,0.239837572,1.807137378,1.596297346,Dead end,,Dead End - OH,51.47208823,51.47208823,10114,4,756.1247933,DNAPKcs,SLGPPQGEEDSVPRDLPSWMKFLHGK,2107,2132,,,,,[K2127-],
3804,Accepted,6.37E-31,0,0,38,0.887328907,1.118479227,0.365425228,Dead end,,Dead End Heavy - OH,54.54762502,54.54762502,10778,4,878.4286796,DNAPKcs,SSFDWLTGSSTDPLVDHTSPSSDSLLFAHKR,2654,2684,,,,,[K2683-],
19558,Accepted,4.79E-31,4.37E-42,0.008886171,38,1.513660678,1.76759678,2.351023359,Cross-linked,Intra,Bound Heavy,54.91822034,54.91822034,10862,4,671.6224215,DNAPKcs,MKLSDFNDITNMLLLK,3654,3669,DNAPKcs,TPVNKK,3599,3604,[K3655-K3603],
19552,Accepted,4.09E-36,0,0,38,0.472363246,0.390853919,1.769597601,Dead end,,Dead End - OH,38.92018511,38.92018511,7244,4,508.0251014,DNAPKcs,ALKMSPYKDILETHLR,1405,1420,,,,,[K1407-],
13223,Accepted,3.55E-32,0,0,38,0.28606492,0.376303874,0.185391528,Dead end,,Dead End Heavy - OH,23.85021585,23.85021585,3993,4,582.5508928,DNAPKcs,ICSKPVVLPKGPESESEDHR,490,509,,,,,[K499-],
24277,Accepted,6.83E-45,4.98E-37,3.05E-17,37,1.329493872,0.422092825,0.561689928,Cross-linked,Intra,Bound,15.26589785,15.26894273,2277,4,633.8016444,Ku70,RPKVEYSEEELK,554,565,Ku70,HDNEGSGSK,545,553,[K556-S552],
12355,Accepted,3.18E-37,0,0,37,0.377379115,0.394890727,0.983972308,Dead end,,Dead End Heavy - OH,45.67926878,45.67926878,8776,4,645.3433654,Ku80,KDEKTDTLEDLFPTTKIPNPR,466,486,,,,,[K481-],
12264,Accepted,3.71E-20,3.81E-24,4.43E-09,37,0.472723536,1.111552722,1.366922392,Cross-linked,Intra,Bound Heavy,44.25305626,44.25305626,8460,5,727.1810068,Ku80,KDQVTAQEIFQDNHEDGPTAK,545,565,Ku80,TLFPLIEAKK,535,544,[K545-K543],
10845,Accepted,9.85E-36,0,0,37,0.133538771,0.116879261,0.282232317,Dead end,,Dead End - OH,21.81849287,21.81849287,3558,4,683.8338076,DNAPKcs,GHDEREHPFLVKGGEDLRQDQR,3742,3763,,,,,[K3753-],
4819,Accepted,3.07E-28,0,0,37,1.199564086,1.022303393,0.648513464,Self Linked,,Bound,49.86207122,49.86207122,9746,4,843.4674539,DNAPKcs,HGDLPDIQIKHSSLITPLQAVAQRDPIIAK,2777,2806,,,,,[K2786-S2788;K2786-S2789;S2788-S2789],
3776,Accepted,4.89E-23,0,0,37,2.114421433,1.099388439,2.179196717,Dead end,,Dead End - OH,44.27206157,44.27206157,8464,4,907.2150231,Ku80,TLFPLIEAKKKDQVTAQEIFQDNHEDGPTAK,535,565,,,,,[K543-;K544-;K545-],
19148,Accepted,4.31E-30,0,0,37,3.041084306,2.240358308,1.007287592,Dead end,,Dead End Heavy - NH,36.9456728,36.9456728,6802,4,509.2885136,DNAPKcs,ALKMSPYKDILETHLR,1405,1420,,,,,[K1407-],
14539,Accepted,3.90E-36,0,0,37,0.38446275,0.445873711,4.683980058,Dead end,,Dead End Heavy - OH,26.50272752,26.50272752,4554,4,518.7895711,DNAPKcs,RLGLPGDEVDNKVKGAAGR,2704,2722,,,,,[K2717-],
11966,Accepted,1.17E-30,0,0,36,0.003555564,0.058725341,0.079212971,Dead end,,Dead End - OH,45.74793099,45.74793099,8790,4,643.8339492,Ku80,KDEKTDTLEDLFPTTKIPNPR,466,486,,,,,[K481-],
3804,Accepted,1.51E-27,0,0,36,0.336765809,0.924772832,0.365425228,Dead end,,Dead End Heavy - OH,49.4711647,49.4711647,9653,4,878.4286796,DNAPKcs,SSFDWLTGSSTDPLVDHTSPSSDSLLFAHKR,2654,2684,,,,,[S2672-],
16769,Accepted,3.21E-17,1.57E-08,2.49E-19,35,0.601219852,0.972240552,1.724542961,Cross-linked,Intra,Bound Heavy,38.38683913,38.29995674,7094,5,737.586729,DNAPKcs,EHPFLVKGGEDLRQDQR,3747,3763,DNAPKcs,KGGSWIQEINVAEK,4023,4036,[K3753-K4023],
12247,Accepted,2.89E-19,3.57E-26,2.33E-06,35,1.278938834,1.765789234,2.10338264,Cross-linked,Intra,Bound,44.23614014,44.23614014,8456,5,725.9734738,Ku80,KDQVTAQEIFQDNHEDGPTAK,545,565,Ku80,TLFPLIEAKK,535,544,[K545-K543],
11444,Accepted,7.17E-35,0,0,35,0.320353528,0.255777935,1.133738504,Dead end,,Dead End Heavy - OH,21.63955742,21.63955742,3516,4,685.3432238,DNAPKcs,GHDEREHPFLVKGGEDLRQDQR,3742,3763,,,,,[K3753-],
11171,Accepted,4.68E-22,9.31E-11,2.37E-24,35,0.955298194,0.037585245,1.128087675,Cross-linked,Intra,Bound,36.01187988,35.99576809,6588,5,855.229395,DNAPKcs,GHDEREHPFLVKGGEDLRQDQR,3742,3763,DNAPKcs,KGGSWIQEINVAEK,4023,4036,[K3753-K4023],
9607,Accepted,2.97E-33,0,0,35,0.319184621,0.105388341,0.556290265,Self Linked,,Bound Heavy,24.78767051,24.78767051,4183,4,683.0966201,Ku80,KKDQVTAQEIFQDNHEDGPTAKK,544,566,,,,,[T563-K565],
7854,Accepted,8.02E-29,0,0,35,0.115178475,0.514878103,1.846940992,Self Linked,,Bound Heavy,29.1707482,29.18435921,5109,4,743.3913735,Ku80,KKDQVTAQEIFQDNHEDGPTAKKLK,544,568,,,,,[K565-K566],
7727,Accepted,2.57E-30,0,0,35,0.839086229,0.673269534,0.598666744,Dead end,,Dead End - OH,41.38157041,41.29340048,7787,4,694.8774168,Ku80,LGGHGPSFPLKGITEQQKEGLEIVK,185,209,,,,,[K195-],
5974,Accepted,8.64E-24,0,0,35,0.120137455,0.257958965,2.845033579,Self Linked,,Bound,22.19972371,22.21755655,3647,5,642.5231728,Ku70,KHDNEGSGSKRPKVEYSEEELKTHISK,544,570,,,,,[K553-K556],
4147,Accepted,9.56E-26,0,0,35,1.065869206,0.518195391,1.100779652,Self Linked,,Bound Heavy,55.24761948,55.24761948,10935,4,873.9260387,DNAPKcs,SSFDWLTGSSTDPLVDHTSPSSDSLLFAHKR,2654,2684,,,,,[S2674-K2683;S2675-K2683;S2677-K2683],
26329,Accepted,1.13E-27,5.24E-34,8.48E-07,35,2.23703033,2.676209797,0.109442388,Cross-linked,Intra,Bound Heavy,26.45548958,26.45548958,4543,4,639.6059302,DNAPKcs,MKQDAQVVLYR,2763,2773,DNAPKcs,EKEIKSELK,2754,2762,[K2764-K2755;K2764-K2758],
19517,Accepted,1.10E-29,0,0,35,0.285195026,0.21958199,0.947924005,Dead end,,Dead End Heavy - OH,38.70203232,38.70203232,7190,4,509.5345176,DNAPKcs,ALKMSPYKDILETHLR,1405,1420,,,,,[K1407-],
19354,Accepted,7.69E-31,0,0,35,0.631415795,0.090872687,0.333968832,Dead end,,Dead End - OH,34.37010154,34.37010154,6239,4,512.0238299,DNAPKcs,ALKMSPYKDILETHLR,1405,1420,,,,,[K1407-],
18259,Accepted,1.82E-30,0,0,35,0.857667202,0.622428926,1.46825937,Dead end,,Dead End Heavy - OH,34.32045333,34.32045333,6228,4,513.5332462,DNAPKcs,ALKMSPYKDILETHLR,1405,1420,,,,,[K1407-],
17716,Accepted,9.11E-27,0,0,34,0.234419455,0.047140781,1.559064662,Dead end,,Dead End Heavy - OH,21.4892459,21.4892459,3483,4,549.0471448,Ku70,RPKVEYSEEELKTHISK,554,570,,,,,[K556-],
16901,Accepted,1.03E-27,1.56E-31,3.97E-07,34,0.791926459,0.855659586,0.90897298,Cross-linked,Inter,Bound Heavy,41.66566661,41.66566661,7872,4,734.8953325,Ku80,YGSDIVPFSKVDEEQMK,316,332,Ku70,ALKPPPIK,280,287,[K325-K282],
9831,Accepted,5.00E-21,0,0,34,0.102921708,0.050783624,0.911801061,Dead end,,Dead End - OH,21.80319754,21.80319754,3554,5,547.2685014,DNAPKcs,GHDEREHPFLVKGGEDLRQDQR,3742,3763,,,,,[K3753-],
7868,Accepted,1.82E-26,0,0,34,0.037244529,0.051658815,0.241245228,Dead end,,Dead End Heavy - OH,41.11659518,41.11659518,7744,4,696.3868331,Ku80,LGGHGPSFPLKGITEQQKEGLEIVK,185,209,,,,,[K195-],
6498,Accepted,7.11E-33,0,0,34,0.087391484,0.067332058,0.89105705,Self Linked,,Bound Heavy,22.70394538,22.76485569,3770,4,804.4115631,Ku70,KHDNEGSGSKRPKVEYSEEELKTHISK,544,570,,,,,[K553-K556],
4477,Accepted,2.55E-29,0,0,34,1.761136076,1.370008857,3.595920303,Dead end,,Dead End - OH,55.5328032,55.45023727,10977,4,837.8939878,DNAPKcs,SSFDWLTGSSTDPLVDHTSPSSDSLLFAHK,2654,2683,,,,,[S2675-],
3858,Accepted,2.69E-26,0,0,34,1.726338716,1.6934259,1.57952057,Self Linked,,Bound,55.36765675,55.36765675,10962,4,872.4166225,DNAPKcs,SSFDWLTGSSTDPLVDHTSPSSDSLLFAHKR,2654,2684,,,,,[S2674-S2675;S2674-S2677;S2674-K2683;S2675-S2677;S2675-K2683;S2677-K2683],
23058,Accepted,8.10E-26,7.96E-24,1.35E-08,34,0.473174768,0.786702336,1.270826762,Cross-linked,Intra,Bound,39.00826549,39.00826549,7265,4,674.3641433,DNAPKcs,LGLPGDEVDNKVK,2705,2717,DNAPKcs,APLKSVGPDFGK,2691,2702,[K2715-K2694],
19542,Accepted,4.34E-35,0,0,34,0.946099431,2.394365436,2.16038826,Dead end,,Dead End - NH,36.98074417,36.98074417,6812,4,507.7790973,DNAPKcs,ALKMSPYKDILETHLR,1405,1420,,,,,[K1407-],
17014,Accepted,1.48E-30,0,0,34,0.223542145,0.046927202,0.496769421,Dead end,,Dead End - OH,21.65613208,21.65613208,3520,4,547.5377285,Ku70,RPKVEYSEEELKTHISK,554,570,,,,,[K556-],
17757,Accepted,7.34E-24,5.98E-15,4.10E-21,33,1.192481998,2.569087143,0.896522625,Cross-linked,Intra,Bound,38.33630754,38.33630754,7103,4,920.2221758,DNAPKcs,EHPFLVKGGEDLRQDQR,3747,3763,DNAPKcs,KGGSWIQEINVAEK,4023,4036,[K3753-K4023;K3753-S4026],
25285,Accepted,1.25E-28,1.03E-24,1.29E-15,33,0.974122094,0.071828761,2.101200023,Cross-linked,Intra,Bound Heavy,27.45059026,27.45059026,4747,4,605.8442739,DNAPKcs,APLKSVGPDFGK,2691,2702,DNAPKcs,EKEIKSELK,2754,2762,[K2694-K2758],
11563,Accepted,7.23E-27,0,0,33,1.060306253,0.911454413,0.085458406,Dead end,,Dead End - NH,44.0850996,44.0850996,8421,4,643.5879451,Ku80,KDEKTDTLEDLFPTTKIPNPR,466,486,,,,,[K481-],
10421,Accepted,1.63E-34,0,0,33,0.434085867,0.349075154,1.751055234,Dead end,,Dead End - NH,20.71223803,20.71223803,3328,4,683.5878035,DNAPKcs,GHDEREHPFLVKGGEDLRQDQR,3742,3763,,,,,[K3753-],
8955,Accepted,1.05E-40,0,0,33,2.021850238,4.45116964,3.744496701,Dead end,,Dead End - OH,22.45961226,22.40809126,3687,4,686.0898447,Ku80,KKDQVTAQEIFQDNHEDGPTAKK,544,566,,,,,[K565-],
8165,Accepted,2.49E-21,0,0,33,0.178851781,0.097015555,2.122081936,Dead end,,Dead End Heavy - NH,46.25765296,46.25765296,8902,4,689.8885369,DNAPKcs,HGDLPDIQIKHSSLITPLQAVAQR,2777,2800,,,,,[K2786-],
6812,Accepted,1.20E-25,0,0,33,0.480103504,0.814051771,1.327596773,Self Linked,,Bound,24.52265906,24.52265906,4124,5,616.9041817,Ku70,HDNEGSGSKRPKVEYSEEELKTHISK,545,570,,,,,[S552-K553;K553-K556],
4756,Accepted,1.67E-20,0,0,33,1.333393552,1.27183756,5.306859931,Self Linked,,Bound,49.91766534,49.91766534,9759,5,674.9754184,DNAPKcs,HGDLPDIQIKHSSLITPLQAVAQRDPIIAK,2777,2806,,,,,[K2786-S2788;K2786-S2789],
3428,Accepted,1.43E-20,0,0,33,1.082892565,1.036838287,1.553005894,Dead end,,Dead End - OH,46.69778963,46.69778963,9004,5,759.8168209,DNAPKcs,SYRHGDLPDIQIKHSSLITPLQAVAQRDPIIAK,2774,2806,,,,,[S2774-;Y2775-;K2786-],
2847,Accepted,1.56E-22,0,0,33,1.431218737,0.860189298,2.566441432,Dead end,,Dead End - OH,49.60816344,49.60816344,9686,5,776.1720088,DNAPKcs,SSFDWLTGSSTDPLVDHTSPSSDSLLFAHKRSER,2654,2687,,,,,[K2683-;S2685-],
16567,Accepted,1.89E-23,6.86E-10,2.30E-21,33,0.015274262,0.48460051,0.145142154,Cross-linked,Intra,Bound Heavy,37.6538937,37.6538937,6941,5,750.9878913,DNAPKcs,GHDEREHPFLVKGGEDLR,3742,3759,DNAPKcs,KGGSWIQEINVAEK,4023,4036,[K3753-K4023],
24134,Accepted,5.98E-27,1.01E-07,3.82E-28,32,0.113677554,1.258864009,0.65606521,Cross-linked,Intra,Bound Heavy,36.63300637,36.63300637,6730,4,667.6165628,DNAPKcs,APLKSVGPDFGK,2691,2702,DNAPKcs,MKQDAQVVLYR,2763,2773,[K2694-K2764],
23987,Accepted,3.57E-35,4.98E-31,2.03E-13,32,0.510680683,1.062274972,1.479590171,Cross-linked,Intra,Bound Heavy,15.20208062,15.20208062,2263,4,635.3110607,Ku70,RPKVEYSEEELK,554,565,Ku70,HDNEGSGSK,545,553,[K556-S552],
24005,Accepted,1.22E-28,3.65E-08,2.88E-29,32,0.643528514,0.692112412,0.219183957,Cross-linked,Intra,Bound,36.6456975,36.6456975,6733,4,666.1071466,DNAPKcs,APLKSVGPDFGK,2691,2702,DNAPKcs,MKQDAQVVLYR,2763,2773,[K2694-K2764],
8885,Accepted,1.27E-32,0,0,32,0.646326283,0.550351824,1.620303977,Dead end,,Dead End - OH,20.82419123,20.70757123,3327,4,664.072924,DNAPKcs,GSKDHNIRAQEPESGLSEETQVK,4083,4105,,,,,[S4084-;K4085-],
6630,Accepted,3.42E-25,0,0,32,0.512913572,0.445294779,0.670732624,Dead end,,Dead End Heavy - NH,48.69195569,48.69195569,9482,4,714.1444792,DNAPKcs,KLAGANPAVITCDELLLGHEKAPAFR,4050,4075,,,,,[K4070-],
4391,Accepted,3.22E-28,0,0,32,0.621408507,0.959932535,1.337314713,Self Linked,,Bound Heavy,49.76283514,49.76283514,9723,4,844.9768701,DNAPKcs,HGDLPDIQIKHSSLITPLQAVAQRDPIIAK,2777,2806,,,,,[K2786-S2788;K2786-S2789;S2788-S2789],
4147,Accepted,1.98E-21,0,0,32,1.041611745,0.855192756,0.04348194,Self Linked,,Bound Heavy,54.73634768,54.73634768,10822,4,873.9260387,DNAPKcs,SSFDWLTGSSTDPLVDHTSPSSDSLLFAHKR,2654,2684,,,,,[S2672-K2683;S2674-K2683;S2675-K2683;S2677-K2683],
3858,Accepted,7.00E-19,0,0,32,1.51782951,1.474742897,5.018244597,Self Linked,,Bound,54.84870421,54.84870421,10846,4,872.4166225,DNAPKcs,SSFDWLTGSSTDPLVDHTSPSSDSLLFAHKR,2654,2684,,,,,[S2672-K2683;S2674-K2683;S2675-K2683;S2677-K2683],
15671,Accepted,1.97E-28,0,0,32,0.054874214,0.060471837,0.131880378,Dead end,,Dead End Heavy - OH,23.89304947,23.89304947,4003,4,553.531928,DNAPKcs,GHDEREHPFLVKGGEDLR,3742,3759,,,,,[K3753-],
15544,Accepted,7.00E-36,1.22E-35,3.16E-09,32,0.247343442,0.271236464,1.100372126,Cross-linked,Intra,Bound Heavy,21.82138765,21.73755621,3540,4,678.61054,DNAPKcs,GHDEREHPFLVKGGEDLR,3742,3759,DNAPKcs,MLKK,4020,4023,[K3753-K4022],
25424,Accepted,1.20E-31,9.42E-36,6.87E-08,32,2.871431401,2.939521553,0.76320743,Cross-linked,Intra,Bound,26.50832519,26.50832519,4556,4,638.0965139,DNAPKcs,MKQDAQVVLYR,2763,2773,DNAPKcs,EKEIKSELK,2754,2762,[K2764-K2758],
13579,Accepted,7.48E-25,0,0,32,0.936988872,0.604636955,0.917305876,Self Linked,,Bound,33.8500159,33.8500159,6116,4,596.3114532,DNAPKcs,KFIQTFGKEFDKHFGKGGSK,3631,3650,,,,,[K3642-K3646],
13237,Accepted,1.71E-30,0,0,32,0.201146806,0.605985303,0.901828908,Dead end,,Dead End - OH,23.91030337,23.91030337,4009,4,581.0414766,DNAPKcs,ICSKPVVLPKGPESESEDHR,490,509,,,,,[K499-],
17986,Accepted,8.53E-29,2.89E-25,4.10E-12,32,0.025221143,0.408143674,2.953679567,Cross-linked,Intra,Bound,45.96753587,45.98924346,8839,4,915.468296,DNAPKcs,MYAALGDPKAPGLGAFR,3613,3629,DNAPKcs,FIQTFGKEFDKHFGK,3632,3646,[K3621-K3638],
16702,Accepted,1.48E-18,8.27E-24,1.50E-08,32,0.758622298,1.043741862,0.102941544,Cross-linked,Inter,Bound Heavy,40.9960255,40.9960255,7715,5,660.569069,Ku70,TFNTSTGGLLLPSDTKR,302,318,Ku80,TWTVVDAKTLKK,275,286,[T316-K282;K317-K282],
24348,Accepted,2.71E-20,4.59E-21,9.25E-09,31,0.832949037,0.571372558,1.215814952,Cross-linked,Intra,Bound Heavy,14.43503016,14.43503016,2136,5,499.2536073,Ku70,IMATPEQVGKMK,452,463,Ku70,KHDNEGSGSK,544,553,[K461-K544],
21812,Accepted,1.52E-19,4.98E-17,1.94E-10,31,0.216097052,0.22885702,0.813063197,Cross-linked,Intra,Bound Heavy,31.15499669,31.15499669,5519,5,597.7395145,DNAPKcs,RLGLPGDEVDNKVK,2704,2717,DNAPKcs,APLKSVGPDFGKK,2691,2703,[K2715-K2694],
14917,Accepted,5.31E-24,0,0,31,1.323271065,1.305232024,4.135844908,Dead end,,Dead End - OH,54.29120881,54.29120881,10723,4,565.3016626,Ku70,TKAGDLRDTGIFLDLMHLK,188,206,,,,,[T188-;K189-],
12273,Accepted,5.80E-27,0,0,31,0.875304397,1.221392063,4.090855365,Dead end,,Dead End Heavy - NH,44.041068,44.041068,8411,4,645.0973613,Ku80,KDEKTDTLEDLFPTTKIPNPR,466,486,,,,,[K481-],
12026,Accepted,1.30E-29,0,0,31,0.510680683,1.062274972,1.479590171,Dead end,,Dead End Heavy - OH,15.20208062,15.20208062,2263,4,635.3110607,Ku70,HDNEGSGSKRPKVEYSEEELK,545,565,,,,,[S552-;K553-;K556-],
10845,Accepted,1.49E-29,0,0,31,0.101177965,0.430445937,0.282232317,Dead end,,Dead End - OH,22.33619379,22.33619379,3673,4,683.8338076,DNAPKcs,GHDEREHPFLVKGGEDLRQDQR,3742,3763,,,,,[K3753-],
9925,Accepted,3.39E-22,0,0,31,1.058587032,0.790209414,0.737033794,Dead end,,Dead End Heavy - NH,24.74900965,24.74900965,4174,4,655.3295179,Ku80,KKDQVTAQEIFQDNHEDGPTAK,544,565,,,,,[K544-;K545-],
9697,Accepted,1.37E-25,0,0,31,0.53402895,0.870513699,1.076208255,Dead end,,Dead End Heavy - OH,31.20403062,31.20403062,5531,4,687.5992609,Ku80,KKDQVTAQEIFQDNHEDGPTAKK,544,566,,,,,[K565-],
8395,Accepted,3.07E-22,0,0,31,0.204073603,0.044888015,1.278365329,Dead end,,Dead End - NH,46.40939781,46.40939781,8938,4,688.3791207,DNAPKcs,HGDLPDIQIKHSSLITPLQAVAQR,2777,2800,,,,,[K2786-],
7352,Accepted,7.68E-29,0,0,31,1.976564959,1.784568616,0.993224732,Dead end,,Dead End - NH,55.05529907,55.05529907,10891,4,680.611324,DNAPKcs,LAGANPAVITCDELLLGHEKAPAFR,4051,4075,,,,,[K4070-],
6863,Accepted,7.91E-23,0,0,31,0.92241966,1.301353058,1.308773712,Dead end,,Dead End - OH,49.82290401,49.82290401,9738,4,712.881067,DNAPKcs,KLAGANPAVITCDELLLGHEKAPAFR,4050,4075,,,,,[K4070-],
4492,Accepted,1.52E-25,0,0,31,0.074937175,0.340684525,2.040220593,Self Linked,,Bound Heavy,46.55455739,46.54181852,8968,4,860.6912443,DNAPKcs,LPKDDVHAKESKINQVFHGSCITEGNELTK,1884,1913,,,,,[K1892-S1894;K1892-K1895;S1894-K1895],
3804,Accepted,5.94E-20,0,0,31,0.362812748,0.615099309,2.745028468,Dead end,,Dead End Heavy - OH,49.99470216,49.97205073,9770,4,878.4286796,DNAPKcs,SSFDWLTGSSTDPLVDHTSPSSDSLLFAHKR,2654,2684,,,,,[S2674-;S2675-],
15563,Accepted,3.85E-29,2.78E-32,4.39E-05,31,0.598820266,0.861265981,0.208068688,Cross-linked,Intra,Bound Heavy,21.7167146,21.7263362,3537,5,543.0898873,DNAPKcs,GHDEREHPFLVKGGEDLR,3742,3759,DNAPKcs,MLKK,4020,4023,[K3753-K4022],
15396,Accepted,1.64E-24,1.83E-26,0.000145786,31,0.319026666,0.717817538,0.653278331,Cross-linked,Intra,Bound,21.77277232,21.75239979,3543,5,541.8823543,DNAPKcs,GHDEREHPFLVKGGEDLR,3742,3759,DNAPKcs,MLKK,4020,4023,[K3753-K4022],
15001,Accepted,5.79E-27,0,0,31,1.82047276,1.292297817,1.896544969,Dead end,,Dead End - OH,29.86849983,29.86849983,5253,4,566.2929266,Ku70,VEYSEEELKTHISKGTLGK,557,575,,,,,[K570-],
13893,Accepted,2.59E-25,0,0,31,0.292776604,0.021561804,2.920030224,Dead end,,Dead End Heavy - OH,29.72219468,29.72219468,5218,4,567.8023428,Ku70,VEYSEEELKTHISKGTLGK,557,575,,,,,[K570-],
13374,Accepted,4.31E-22,0,0,31,0.719441483,0.935623724,0.175983234,Self Linked,,Bound,31.71701679,31.71701679,5654,4,602.3301062,DNAPKcs,HLKKTKNLSSNEAISLEEIR,833,852,,,,,[K835-K838],
17078,Accepted,8.22E-17,3.31E-21,9.52E-06,31,0.947083902,1.185434511,2.220329698,Cross-linked,Inter,Bound,41.01241049,41.01241049,7719,5,659.361536,Ku70,TFNTSTGGLLLPSDTKR,302,318,Ku80,TWTVVDAKTLKK,275,286,[T316-K282;K317-K282],
25869,Accepted,1.65E-26,3.94E-34,0.000491894,30,0.631836796,0.362801479,1.519661153,Cross-linked,Intra,Bound,30.04212329,30.04212329,5288,4,573.8121281,DNAPKcs,MKQDAQVVLYR,2763,2773,DNAPKcs,EIKSELK,2756,2762,[K2764-K2758;K2764-S2759],
11036,Accepted,6.71E-30,0,0,30,0.911452732,0.458712549,0.926669388,Dead end,,Dead End - OH,12.99922642,12.99922642,1896,4,665.8253833,Ku70,KHDNEGSGSKRPKVEYSEEELK,544,565,,,,,[K556-],
6908,Accepted,3.53E-26,0,0,30,0.25126436,0.214993179,0.087001052,Dead end,,Dead End - NH,48.66115697,48.66115697,9475,4,712.6350629,DNAPKcs,KLAGANPAVITCDELLLGHEKAPAFR,4050,4075,,,,,[K4070-],
14723,Accepted,6.61E-22,0,0,30,0.302144282,0.195531506,0.280889283,Dead end,,Dead End - OH,38.94639662,38.94639662,7250,4,551.8188454,Ku70,AYGLKSGLKKQELLEALTK,587,605,,,,,[K591-],
16947,Accepted,1.05E-14,9.81E-15,1.35E-06,29,1.844271797,0.832420413,3.236648951,Cross-linked,Intra,Bound Heavy,46.06575953,46.06575953,8855,5,733.7836251,DNAPKcs,MYAALGDPKAPGLGAFR,3613,3629,DNAPKcs,FIQTFGKEFDKHFGK,3632,3646,[K3621-K3638],
16856,Accepted,1.23E-17,0,0,29,0.731241302,0.41355758,1.455851072,Dead end,,Dead End - OH,21.67243752,21.67243752,3524,5,438.2316381,Ku70,RPKVEYSEEELKTHISK,554,570,,,,,[K556-],
10589,Accepted,1.28E-27,0,0,29,0.50751413,0.36483696,1.270306502,Self Linked,,Bound Heavy,17.74650807,17.74650807,2709,4,662.8321588,Ku70,KHDNEGSGSKRPKVEYSEEELK,544,565,,,,,[S552-K553;K553-K556],
9978,Accepted,2.43E-19,0,0,29,0.223955504,0.247974226,0.061989947,Dead end,,Dead End Heavy - OH,21.74796842,21.74796842,3542,5,548.4760344,DNAPKcs,GHDEREHPFLVKGGEDLRQDQR,3742,3763,,,,,[K3753-],
7856,Accepted,4.79E-26,0,0,29,1.168652038,0.789426851,0.375164825,Dead end,,Dead End Heavy - OH,56.12562834,56.12562834,11098,4,682.3667443,DNAPKcs,LAGANPAVITCDELLLGHEKAPAFR,4051,4075,,,,,[K4070-],
3748,Accepted,5.53E-25,0,0,29,1.342053439,0.956300126,1.151753187,Dead end,,Dead End - NH,52.46577031,52.46577031,10323,4,876.6732592,DNAPKcs,SSFDWLTGSSTDPLVDHTSPSSDSLLFAHKR,2654,2684,,,,,[K2683-],
14213,Accepted,3.00E-22,0,0,29,0.592199539,0.875713724,0.292098392,Self Linked,,Bound,45.21858069,45.21858069,8678,4,578.5721695,DNAPKcs,ANQKHQGLKLATTILQHWK,1609,1627,,,,,[K1612-K1617],
19587,Accepted,3.93E-26,1.67E-32,0.001307004,29,1.717168655,1.476801869,0.396076773,Cross-linked,Intra,Bound,49.57410154,49.58352703,9680,4,674.1117337,DNAPKcs,MKLSDFNDITNMLLLK,3654,3669,DNAPKcs,TPVNKK,3599,3604,[K3655-K3603],
27116,Accepted,4.99E-25,1.63E-14,7.99E-18,29,1.58836257,0.904817378,0.079302954,Cross-linked,Intra,Bound Heavy,10.43129877,10.43129877,1484,4,491.7849613,DNAPKcs,EKEIKSELK,2754,2762,DNAPKcs,KGVAEQK,2746,2752,[K2758-K2746],
14659,Accepted,1.12E-24,0,0,29,0.592421161,0.643039345,0.137797764,Dead end,,Dead End - NH,28.34025091,28.34025091,4928,4,566.0469225,Ku70,VEYSEEELKTHISKGTLGK,557,575,,,,,[K570-],
17096,Accepted,8.08E-18,1.40E-21,4.61E-06,29,0.043278487,0.547300335,2.100605461,Cross-linked,Inter,Bound Heavy,43.28248336,43.28248336,8235,5,674.5674179,Ku80,YGSDIVPFSKVDEEQMK,316,332,Ku70,ALKPPPIKLYR,280,290,[S324-K287;K325-K287],
17529,Accepted,6.29E-15,5.64E-12,8.75E-09,28,2.906143963,1.0094406,1.239461689,Cross-linked,Intra,Bound,45.96323603,45.96323603,8833,5,732.5760921,DNAPKcs,MYAALGDPKAPGLGAFR,3613,3629,DNAPKcs,FIQTFGKEFDKHFGK,3632,3646,[K3621-K3638],
16860,Accepted,1.20E-15,8.83E-19,0.000393314,28,1.143310494,0.541298946,1.31281952,Cross-linked,Inter,Bound,43.29254879,43.37843855,8258,5,673.3598849,Ku80,YGSDIVPFSKVDEEQMK,316,332,Ku70,ALKPPPIKLYR,280,290,[S324-K287;K325-K287],
25930,Accepted,5.12E-21,4.99E-26,0.000650342,28,0.956788336,0.645164527,0.792600251,Cross-linked,Intra,Bound Heavy,30.00792256,30.00792256,5281,4,575.3215443,DNAPKcs,MKQDAQVVLYR,2763,2773,DNAPKcs,EIKSELK,2756,2762,[K2764-K2758;K2764-S2759],
10254,Accepted,1.16E-24,0,0,28,0.23447009,0.244141519,0.319662661,Dead end,,Dead End Heavy - NH,19.94523406,19.94523406,3177,4,685.0972197,DNAPKcs,GHDEREHPFLVKGGEDLRQDQR,3742,3763,,,,,[K3753-],
22024,Accepted,6.08E-19,1.02E-08,6.45E-19,28,1.29154292,1.790897539,0.697665978,Cross-linked,Intra,Bound Heavy,37.85334914,37.85334914,6990,5,599.1405829,Ku70,SGLKKQELLEALTK,592,605,Ku70,IMATPEQVGKMK,452,463,[K595-K461],
17420,Accepted,9.74E-18,1.50E-10,7.80E-15,28,1.591270803,0.549542316,5.168646213,Cross-linked,Inter,Bound,40.32859234,40.32859234,7558,5,782.0229582,Ku80,TWTVVDAKTLKKEDIQK,275,291,Ku70,TFNTSTGGLLLPSDTKR,302,318,[K282-T316;K282-K317;T283-T316;T283-K317],
13860,Accepted,2.66E-21,0,0,28,0.433961808,0.200663149,0.313012003,Dead end,,Dead End - OH,23.80919862,23.80919862,3984,4,575.0578203,Vigilin,AKAGLLERVKELQAEQEDR,1030,1048,,,,,[K1031-],
19667,Accepted,7.65E-37,0,0,28,0.517631466,1.827802084,1.844189225,Dead end,,Dead End - OH,32.69012678,32.69012678,5866,3,691.0263991,DNAPKcs,KFIQTFGKEFDKHFGK,3631,3646,,,,,[K3638-],
24423,Accepted,1.10E-27,9.79E-26,8.17E-08,28,0.060062556,0.019180784,0.97667213,Cross-linked,Intra,Bound Heavy,22.69928086,22.69928086,3755,4,494.5364836,DNAPKcs,APLKSVGPDFGK,2691,2702,DNAPKcs,VKGAAGR,2716,2722,[K2694-K2717],
24054,Accepted,3.43E-23,7.80E-22,4.52E-07,27,0.00485781,0.02924613,0.135895176,Cross-linked,Intra,Bound,22.78245713,22.78245713,3773,4,493.0270674,DNAPKcs,APLKSVGPDFGK,2691,2702,DNAPKcs,VKGAAGR,2716,2722,[K2694-K2717],
26258,Accepted,4.07E-21,4.17E-18,4.53E-12,27,0.920180986,1.096274901,0.846612055,Cross-linked,Intra,Bound,25.0749919,25.0115006,4238,5,473.6525991,DNAPKcs,DQEKLSLMYAR,2735,2745,DNAPKcs,KGVAEQKR,2746,2753,[K2738-K2746],
25456,Accepted,1.12E-20,1.25E-17,1.76E-07,27,0.514933545,0.49255249,0.105591719,Cross-linked,Intra,Bound Heavy,41.18071892,41.18071892,7760,4,539.8150576,Ku80,FNNFLKALQEK,655,665,Ku80,KFLAPK,703,708,[K660-K703],
23521,Accepted,1.83E-30,0,0,27,0.051342277,0.051342277,0.021647312,Dead end,,Dead End Heavy - OH,17.99746797,17.99746797,2764,4,415.7560101,DNAPKcs,KRESKVPADLLKR,3873,3885,,,,,[S3876-;K3877-],
10196,Accepted,2.66E-19,0,0,27,0.685519952,0.804704149,2.37994399,Dead end,,Dead End - NH,20.20602851,20.20602851,3231,5,547.0716981,DNAPKcs,GHDEREHPFLVKGGEDLRQDQR,3742,3763,,,,,[K3753-],
4346,Accepted,8.56E-20,0,0,27,0.473670996,1.307989436,5.476508653,Dead end,,Dead End Heavy - OH,55.42411548,55.42411548,10972,4,839.403404,DNAPKcs,SSFDWLTGSSTDPLVDHTSPSSDSLLFAHK,2654,2683,,,,,[S2674-;S2675-],
22011,Accepted,4.13E-17,4.75E-19,2.20E-05,27,3.518997334,3.168799739,3.330946962,Cross-linked,Intra,Bound Heavy,26.17760538,26.17760538,4484,5,561.70213,DNAPKcs,FMRDQEKLSLMYAR,2732,2745,DNAPKcs,KGVAEQKR,2746,2753,[K2738-K2746],
26487,Accepted,1.81E-23,1.50E-21,2.33E-10,27,0.111755438,0.220118465,0.731291743,Cross-linked,Intra,Bound,22.56890008,22.56890008,3727,5,426.6423124,DNAPKcs,LLPAELPAKR,2900,2909,DNAPKcs,GSKDHNIR,4083,4090,[K2908-S4084],
26482,Accepted,9.52E-24,1.41E-20,3.88E-10,27,2.671201908,1.863360117,3.178297306,Cross-linked,Intra,Bound,31.13076425,31.13076425,5512,4,557.5312281,DNAPKcs,KQNNFSLAMK,3248,3257,DNAPKcs,MKMIDSAR,3240,3247,[K3248-K3241],
26464,Accepted,3.16E-24,5.47E-23,2.30E-07,27,0.131075899,0.102129596,0.36227663,Cross-linked,Intra,Bound Heavy,22.44994991,22.44994991,3697,5,427.8498454,DNAPKcs,LLPAELPAKR,2900,2909,DNAPKcs,GSKDHNIR,4083,4090,[K2908-S4084;K2908-K4085],
13552,Accepted,2.62E-19,0,0,27,0.032473816,0.503644703,0.200443858,Self Linked,,Bound,39.04766809,39.04766809,7275,4,633.5938731,DNAPKcs,EKEIKSELKMKQDAQVVLYR,2754,2773,,,,,[K2758-S2759],
24464,Accepted,3.02E-19,3.48E-14,6.75E-12,27,0.281290891,0.126249077,0.783334752,Cross-linked,Intra,Bound Heavy,51.15559304,51.15559304,10038,4,642.126498,Ku70,GTLGKFTVPMLK,571,582,Ku70,KQELLEALTK,596,605,[K575-K596],
24518,Accepted,2.18E-20,1.68E-13,1.05E-12,26,0.274031619,0.590186661,1.434554319,Cross-linked,Intra,Bound,51.28215726,51.28215726,10068,4,640.6170818,Ku70,GTLGKFTVPMLK,571,582,Ku70,KQELLEALTK,596,605,[K575-K596],
24479,Accepted,4.24E-20,1.89E-12,6.53E-13,26,0.474110296,0.086234927,1.201865205,Cross-linked,Intra,Bound Heavy,36.70761207,36.70761207,6747,5,532.5056408,DNAPKcs,APLKSVGPDFGK,2691,2702,DNAPKcs,MMPKLKPVELR,2442,2452,[K2694-K2445],
5980,Accepted,5.29E-25,0,0,26,0.26245232,0.257627917,1.063641447,Self Linked,,Bound,22.67387767,22.72116959,3761,4,802.9021469,Ku70,KHDNEGSGSKRPKVEYSEEELKTHISK,544,570,,,,,[K553-K556],
3205,Accepted,3.74E-14,0,0,26,1.024701188,0.880428666,1.401688192,Dead end,,Dead End Heavy - OH,46.60290463,46.60290463,8982,5,761.0243539,DNAPKcs,SYRHGDLPDIQIKHSSLITPLQAVAQRDPIIAK,2774,2806,,,,,[S2774-;Y2775-],
26486,Accepted,2.71E-20,5.28E-15,2.42E-11,26,0.53806206,0.156847453,0.636805219,Cross-linked,Intra,Bound Heavy,30.8708609,30.8708609,5453,4,559.0406444,DNAPKcs,KQNNFSLAMK,3248,3257,DNAPKcs,MKMIDSAR,3240,3247,[K3248-K3241],
15958,Accepted,1.22E-23,0,0,26,1.197183649,0.459606854,0.914838117,Dead end,,Dead End - OH,56.15525255,56.15525255,11103,4,579.33747,DNAPKcs,EIFNFVLKAIRPQIDLKR,247,264,,,,,[K254-],
19208,Accepted,4.95E-21,0,0,26,1.006460961,0.655653112,0.588026731,Dead end,,Dead End - OH,25.16221642,25.15550787,4275,4,515.2826978,Ku70,RILELDQFKGQQGQKR,115,130,,,,,[K129-],
15117,Accepted,5.32E-18,0,0,26,0.256740483,0.046368566,0.139168551,Dead end,,Dead End Heavy - NH,22.33177294,22.33177294,3672,4,553.2859239,DNAPKcs,GHDEREHPFLVKGGEDLR,3742,3759,,,,,[K3753-],
14946,Accepted,9.51E-18,0,0,25,1.046681437,0.976301734,1.626644284,Dead end,,Dead End Heavy - OH,54.13511014,54.13511014,10691,4,566.8110789,Ku70,TKAGDLRDTGIFLDLMHLK,188,206,,,,,[T188-;K189-],
26668,Accepted,1.66E-22,7.94E-09,1.21E-19,25,0.239405885,1.868149166,2.26373978,Cross-linked,Intra,Bound Heavy,23.46353373,23.43740335,3903,5,483.2710944,DNAPKcs,ALKLNSNEAR,3453,3462,DNAPKcs,GKPLPEYHVR,3709,3718,[K3455-K3710],
26652,Accepted,3.28E-20,3.06E-09,4.84E-20,25,0.373900342,1.870355664,5.059498783,Cross-linked,Intra,Bound,23.48337219,23.48337219,3913,5,482.0635614,DNAPKcs,ALKLNSNEAR,3453,3462,DNAPKcs,GKPLPEYHVR,3709,3718,[K3455-K3710],
25771,Accepted,1.44E-17,2.40E-17,8.99E-06,25,0.60282714,0.786308888,2.524588071,Cross-linked,Intra,Bound,41.19725167,41.19725167,7765,4,538.3056413,Ku80,FNNFLKALQEK,655,665,Ku80,KFLAPK,703,708,[K660-K703],
25468,Accepted,2.51E-14,2.89E-12,1.23E-09,25,0.84464734,0.671438503,1.827906664,Cross-linked,Intra,Bound Heavy,24.95205222,24.95205222,4223,5,474.8601321,DNAPKcs,DQEKLSLMYAR,2735,2745,DNAPKcs,KGVAEQKR,2746,2753,[K2738-K2746],
24038,Accepted,2.13E-27,2.09E-17,4.83E-16,25,0.00203897,0.01663494,0.234422169,Cross-linked,Intra,Bound Heavy,19.20851104,19.20851104,3019,4,558.8208695,DNAPKcs,APLKSVGPDFGK,2691,2702,DNAPKcs,KGVAEQKR,2746,2753,[K2694-K2746],
23720,Accepted,3.53E-28,0,0,25,0.662794422,0.662794422,0.012033405,Dead end,,Dead End Heavy - NH,15.53345262,15.53345262,2326,4,415.510006,DNAPKcs,KRESKVPADLLKR,3873,3885,,,,,[S3876-],
7058,Accepted,4.14E-21,0,0,25,1.541881632,1.997909769,2.366936857,Self Linked,,Bound,60.26451764,60.26451764,11803,4,773.15117,Ku70,LGSLVDEFKELVYPPDYNPEGKVTKR,518,543,,,,,[T541-K542],
23651,Accepted,1.89E-26,0,0,25,0.323182493,0.323182493,0.897257087,Self Linked,,Bound Heavy,23.77440829,23.77440829,3977,4,411.2533692,DNAPKcs,KRESKVPADLLKR,3873,3885,,,,,[K3873-S3876],
21877,Accepted,1.06E-22,2.09E-07,3.93E-22,25,0.251132733,1.378646734,0.691255712,Cross-linked,Intra,Bound,40.58752707,40.58752707,7618,4,775.4004643,DNAPKcs,FMRDQEKLSLMYAR,2732,2745,DNAPKcs,APLKSVGPDFGK,2691,2702,[K2738-K2694],
26471,Accepted,1.01E-18,4.57E-08,2.60E-16,25,0.276014853,0.347957068,0.192246112,Cross-linked,Intra,Bound,29.25209003,29.25209003,5122,4,561.7798927,DNAPKcs,CFGTGAAGNR,1312,1321,DNAPKcs,GKPLPEYHVR,3709,3718,[T1315-K3710],
19433,Accepted,7.68E-27,0,0,25,0.221625704,0.430462156,2.665269783,Dead end,,Dead End - OH,32.62727499,32.62727499,5854,4,518.5216185,DNAPKcs,KFIQTFGKEFDKHFGK,3631,3646,,,,,[K3638-],
25757,Accepted,6.59E-27,1.47E-22,2.76E-13,25,0.679847959,0.30716452,0.366805121,Cross-linked,Intra,Bound,21.62440397,21.62440397,3512,4,618.8572272,Ku80,VKKTWTVVDAK,272,282,Ku80,TLKKEDIQK,283,291,[K274-K286],
15016,Accepted,3.73E-22,0,0,25,0.005122937,0.127652651,0.893477692,Dead end,,Dead End - NH,22.45705431,22.45705431,3699,4,551.7765076,DNAPKcs,GHDEREHPFLVKGGEDLR,3742,3759,,,,,[K3753-],
18043,Accepted,1.07E-23,0,0,25,0.025680344,0.169433913,0.883042553,Dead end,,Dead End Heavy - OH,27.3524187,27.3524187,4727,4,536.780475,DNAPKcs,EHPFLVKGGEDLRQDQR,3747,3763,,,,,[K3753-],
27929,Accepted,2.62E-24,4.90E-19,1.57E-10,25,0.561706411,0.719705606,0.324784915,Cross-linked,Intra,Bound,14.3766469,14.3766469,2124,4,458.765149,DNAPKcs,KGVAEQKR,2746,2753,DNAPKcs,KYIEIR,2003,2008,[K2746-K2003],
21220,Accepted,1.75E-26,0,0,25,0.09349481,0.158342235,2.304223818,Dead end,,Dead End - OH,35.95606102,35.95606102,6579,4,486.4978795,DNAPKcs,FIQTFGKEFDKHFGK,3632,3646,,,,,[K3638-],
13745,Accepted,1.10E-21,0,0,24,1.290535331,2.025897567,1.788416833,Self Linked,,Bound,40.31182003,40.31182003,7554,4,610.5959084,DNAPKcs,ANQKHQGLKLATTILQHWKK,1609,1628,,,,,[K1612-K1617],
22869,Accepted,4.06E-23,2.25E-26,0.284591478,24,0.119576479,0.158536737,1.184398391,Cross-linked,Intra,Bound,25.3564072,25.3564072,4320,4,528.5383749,DNAPKcs,EHPFLVKGGEDLR,3747,3759,DNAPKcs,MLKK,4020,4023,[K3753-K4022],
12806,Accepted,2.61E-23,0,0,24,1.304473743,1.236916949,2.738090871,Self Linked,,Bound Heavy,40.33360947,40.33360947,7559,4,612.1053247,DNAPKcs,ANQKHQGLKLATTILQHWKK,1609,1628,,,,,[K1612-K1617],
10254,Accepted,4.38E-23,0,0,24,0.13962844,0.30050235,0.319662661,Dead end,,Dead End Heavy - NH,20.91622021,20.91622021,3368,4,685.0972197,DNAPKcs,GHDEREHPFLVKGGEDLRQDQR,3742,3763,,,,,[K3753-],
23313,Accepted,3.48E-16,2.90E-18,9.94E-05,24,1.768870876,1.471297022,1.91524132,Cross-linked,Intra,Bound,44.95724384,44.95724384,8622,4,764.3945363,DNAPKcs,NNITQKLLQDFNR,2830,2842,DNAPKcs,EMDKFKTLSEK,2819,2829,[K2835-K2822;K2835-K2824],
27568,Accepted,2.09E-16,5.85E-20,0.00024842,24,0.870822106,1.189957438,4.65069619,Cross-linked,Intra,Bound,23.49111584,23.49111584,3914,4,562.0663861,Ku80,KTWTVVDAK,274,282,Ku80,TLKKEDIQK,283,291,[K274-K285;K274-K286],
18859,Accepted,8.83E-29,0,0,24,0.677103679,0.69023983,0.065380713,Dead end,,Dead End Heavy - OH,32.92257701,32.92257701,5911,4,520.0310347,DNAPKcs,KFIQTFGKEFDKHFGK,3631,3646,,,,,[K3638-],
18859,Accepted,6.36E-19,0,0,24,0.487276096,0.316092947,1.857581446,Dead end,,Dead End Heavy - OH,32.40873449,32.40873449,5812,4,520.0310347,DNAPKcs,KFIQTFGKEFDKHFGK,3631,3646,,,,,[K3638-],
22574,Accepted,3.30E-22,3.00E-06,6.83E-21,24,0.362344933,1.370540907,1.441608646,Cross-linked,Intra,Bound Heavy,40.55983466,40.55983466,7612,4,776.9098805,DNAPKcs,FMRDQEKLSLMYAR,2732,2745,DNAPKcs,APLKSVGPDFGK,2691,2702,[K2738-K2694],
15002,Accepted,5.79E-20,0,0,24,0.921469382,1.284361742,0.130611651,Dead end,,Dead End Heavy - NH,52.61312143,52.61312143,10356,4,566.5650748,Ku70,TKAGDLRDTGIFLDLMHLK,188,206,,,,,[T188-;K189-],
14516,Accepted,1.63E-20,0,0,24,1.105015672,0.914014092,0.715416608,Self Linked,,Bound Heavy,45.14830116,45.14830116,8662,4,580.0815858,DNAPKcs,ANQKHQGLKLATTILQHWK,1609,1627,,,,,[K1612-K1617],
17903,Accepted,1.71E-17,0,0,24,0.373709815,0.137392804,0.368425591,Dead end,,Dead End - OH,34.80693664,34.80693664,6339,4,529.2791952,DNAPKcs,ILDVMYSRLPKDDVHAK,1876,1892,,,,,[K1886-],
20308,Accepted,6.11E-27,0,0,24,0.538706947,0.701965691,1.905415131,Self Linked,,Bound,28.76488007,28.76488007,5018,4,454.4941345,DNAPKcs,EFDKHFGKGGSKLLR,3639,3653,,,,,[S3649-K3650],
27018,Accepted,2.64E-15,4.72E-12,8.46E-07,24,0.305584092,0.135676718,2.891449659,Cross-linked,Intra,Bound Heavy,27.27040072,27.27040072,4710,4,563.0393729,DNAPKcs,KQNNFSLAMK,3248,3257,DNAPKcs,MKMIDSAR,3240,3247,[K3248-K3241],
28216,Accepted,1.43E-26,4.98E-20,4.12E-13,23,1.294976367,0.848052181,1.227528182,Cross-linked,Intra,Bound Heavy,14.31449915,14.31449915,2110,4,460.2745652,DNAPKcs,KGVAEQKR,2746,2753,DNAPKcs,KYIEIR,2003,2008,[K2746-K2003],
23896,Accepted,8.66E-19,3.26E-19,1.92E-08,23,0.326744795,0.824064213,24.46867868,Cross-linked,Intra,Bound,14.4894318,14.52371245,2153,4,622.3057737,Ku70,IMATPEQVGKMK,452,463,Ku70,KHDNEGSGSK,544,553,[K461-K544],
23394,Accepted,1.06E-22,1.72E-23,1.01E-07,23,0.564770457,0.790473733,1.501958835,Cross-linked,Intra,Bound Heavy,17.95349233,17.95349233,2755,5,421.4496333,DNAPKcs,APLKSVGPDFGKK,2691,2703,DNAPKcs,VKGAAGR,2716,2722,[K2694-K2717],
22060,Accepted,1.59E-16,7.15E-15,9.49E-06,23,0.49897971,1.148856108,1.420579077,Cross-linked,Intra,Bound,42.12774438,42.12774438,7971,4,788.41088,DNAPKcs,KGGSWIQEINVAEK,4023,4036,DNAPKcs,EHPFLVKGGEDLR,3747,3759,[K4023-K3753],
24800,Accepted,1.29E-15,1.02E-16,3.22E-07,23,0.286573715,0.901540556,1.578177046,Cross-linked,Intra,Bound,31.5286445,31.5286445,5606,4,591.8220662,Ku70,IMATPEQVGKMK,452,463,Ku70,AYGLKSGLK,587,595,[K461-K591],
14778,Accepted,2.82E-21,0,0,23,1.028694137,0.757545312,0.605250112,Dead end,,Dead End - NH,52.66323646,52.66323646,10366,4,565.0556586,Ku70,TKAGDLRDTGIFLDLMHLK,188,206,,,,,[T188-;K189-],
23110,Accepted,1.77E-20,4.49E-21,6.48E-05,23,0.852761287,0.628209432,2.14162265,Cross-linked,Intra,Bound,18.06996449,18.06996449,2778,5,420.2421003,DNAPKcs,APLKSVGPDFGKK,2691,2703,DNAPKcs,VKGAAGR,2716,2722,[K2694-K2717],
14984,Accepted,5.12E-15,8.70E-19,0.003783045,23,0.350079207,0.207000759,2.343270263,Cross-linked,Intra,Bound Heavy,34.52259006,34.52259006,6275,4,828.9323267,DNAPKcs,TSALSDETKNNWEVSALSR,802,820,DNAPKcs,EKEIKSELK,2754,2762,[S806-K2758;T809-K2758;K810-K2758],
18043,Accepted,6.28E-21,0,0,23,0.407331343,0.938065336,0.979916419,Dead end,,Dead End Heavy - OH,26.79371956,26.79371956,4616,4,536.780475,DNAPKcs,EHPFLVKGGEDLRQDQR,3747,3763,,,,,[K3753-],
27093,Accepted,2.86E-17,1.22E-10,3.33E-10,23,0.211816108,0.324005111,0.928049552,Cross-linked,Intra,Bound,10.49328991,10.49328991,1499,4,490.275545,DNAPKcs,EKEIKSELK,2754,2762,DNAPKcs,KGVAEQK,2746,2752,[K2755-K2746],
23811,Accepted,1.60E-28,0,0,22,1.962531101,1.962531101,2.555254305,Self Linked,,Bound,23.93533775,23.93533775,4016,4,409.743953,DNAPKcs,KRESKVPADLLKR,3873,3885,,,,,[K3873-S3876],
23521,Accepted,5.44E-23,0,0,22,0.618867189,0.618867189,0.021647312,Dead end,,Dead End Heavy - OH,18.50941881,18.50941881,2868,4,415.7560101,DNAPKcs,KRESKVPADLLKR,3873,3885,,,,,[K3873-],
12342,Accepted,3.24E-17,4.78E-25,0.198869524,22,1.200347168,0.49394103,0.831231093,Cross-linked,Inter,Bound,46.52253643,46.41848063,8940,4,770.8946341,DNAPKcs,STVLTPMFVETQASQGTLQTR,2599,2619,Ku70,IISSDR,75,80,[T2603-S78],
10196,Accepted,1.65E-15,0,0,22,1.446741611,1.364380192,0.471428976,Dead end,,Dead End - NH,20.82288676,20.92156762,3369,5,547.0716981,DNAPKcs,GHDEREHPFLVKGGEDLRQDQR,3742,3763,,,,,[K3753-],
26486,Accepted,5.38E-19,6.73E-13,2.63E-10,22,0.061498075,0.407468574,0.636805219,Cross-linked,Intra,Bound Heavy,31.38603278,31.38603278,5572,4,559.0406444,DNAPKcs,KQNNFSLAMK,3248,3257,DNAPKcs,MKMIDSAR,3240,3247,[K3248-K3241],
24627,Accepted,8.37E-19,7.16E-21,0.019867455,22,1.604188028,1.269811666,2.152910527,Cross-linked,Intra,Bound,31.74199515,31.74199515,5661,4,564.8167846,Ku70,IMATPEQVGKMK,452,463,Ku70,AIVEKLR,464,470,[K461-K468],
24578,Accepted,1.79E-16,3.67E-13,4.63E-08,22,0.823771774,2.54000354,2.088705854,Cross-linked,Intra,Bound,29.05475947,29.05475947,5079,4,512.2789301,DNAPKcs,APLKSVGPDFGK,2691,2702,DNAPKcs,SELKMK,2759,2764,[K2694-K2762],
24528,Accepted,1.33E-15,3.05E-10,1.49E-07,22,1.153286244,0.827606324,1.680788974,Cross-linked,Intra,Bound,36.71395553,36.71395553,6749,5,531.2981078,DNAPKcs,APLKSVGPDFGK,2691,2702,DNAPKcs,MMPKLKPVELR,2442,2452,[K2694-K2445],
24458,Accepted,2.60E-21,6.63E-19,9.58E-06,22,0.697292508,0.713594647,0.124490438,Cross-linked,Intra,Bound Heavy,28.69855334,28.69855334,5003,4,570.3249294,Ku70,IMATPEQVGKMK,452,463,Ku70,AIVEKLR,464,470,[K461-K468],
22882,Accepted,7.05E-28,0,0,22,0.925909941,0.925909941,1.42270329,Dead end,,Dead End - NH,15.57238243,15.57238243,2334,4,414.0005897,DNAPKcs,KRESKVPADLLKR,3873,3885,,,,,[K3873-],
18186,Accepted,1.35E-17,0,0,22,0.000851702,0.413336279,0.108356316,Dead end,,Dead End - OH,27.47091678,27.47091678,4752,4,535.2710587,DNAPKcs,EHPFLVKGGEDLRQDQR,3747,3763,,,,,[K3753-],
27925,Accepted,4.91E-16,5.23E-11,1.40E-11,22,0.988567665,0.584499535,0.553805516,Cross-linked,Intra,Bound,25.09221631,25.09221631,4260,4,511.0097173,DNAPKcs,NIEKMYER,3605,3612,DNAPKcs,NKEFVAR,3551,3557,[K3608-K3552],
27079,Accepted,8.12E-16,0.0002425,4.91E-19,22,0.417693053,1.199029326,0.351328072,Cross-linked,Intra,Bound Heavy,23.41055865,23.41055865,3897,4,563.5758024,Ku80,TLKKEDIQK,283,291,Ku80,KTWTVVDAK,274,282,[K285-K274;K286-K274],
21850,Accepted,2.38E-17,4.94E-13,1.35E-06,21,0.169658272,0.295485502,0.81648839,Cross-linked,Intra,Bound,27.10408984,27.10408984,4675,4,638.0984799,Ku80,AFREEAIKFSEEQR,641,654,Ku80,VLVKQK,600,605,[K648-K603],
17324,Accepted,6.23E-16,0,0,21,0.95350761,0.761768992,3.637212847,Dead end,,Dead End - NH,25.11578403,25.11578403,4266,4,535.0250547,DNAPKcs,EHPFLVKGGEDLRQDQR,3747,3763,,,,,[K3753-],
16781,Accepted,1.67E-14,3.92E-16,0.00695929,21,0.561674007,1.201814934,0.62114378,Cross-linked,Inter,Bound,49.87253808,49.87253808,9748,4,734.1295447,Ku80,TDTLEDLFPTTKIPNPR,470,486,Ku70,KMPFTEK,445,451,[K481-K445],
26229,Accepted,2.25E-15,9.15E-07,3.73E-15,21,0.712151803,1.600005452,1.336379635,Cross-linked,Intra,Bound Heavy,31.79195403,31.81040521,5678,5,511.0823176,DNAPKcs,YFEGVSPKSLK,682,692,DNAPKcs,GKPLPEYHVR,3709,3718,[K689-K3710],
25149,Accepted,1.39E-20,3.73E-24,0.000151563,21,0.593395812,0.43802092,1.062250318,Cross-linked,Intra,Bound,23.75348809,23.75348809,3972,4,569.5456059,Ku70,IMATPEQVGKMK,452,463,Ku70,VEAMNKR,511,517,[K461-K516],
23723,Accepted,2.44E-15,5.26E-16,1.29E-08,21,0.169302079,0.421373516,25.87307808,Cross-linked,Intra,Bound,9.754974101,9.754974101,1345,5,483.8475018,Ku70,KHDNEGSGSKRPK,544,556,Ku70,KMPFTEK,445,451,[K553-K445],
23440,Accepted,3.99E-21,0,0,21,0.151181067,0.151181067,1.431514489,Dead end,,Dead End - OH,19.05857475,19.05857475,2987,4,414.2465938,DNAPKcs,KRESKVPADLLKR,3873,3885,,,,,[K3873-;S3876-;K3877-],
23440,Accepted,1.35E-23,0,0,21,0.205687248,0.205687248,0.982506572,Dead end,,Dead End - OH,18.53346388,18.53346388,2874,4,414.2465938,DNAPKcs,KRESKVPADLLKR,3873,3885,,,,,[K3873-],
10182,Accepted,3.39E-15,0,0,21,1.116656757,1.41344646,1.402569998,Dead end,,Dead End Heavy - NH,20.71744166,20.71744166,3329,5,548.2792311,DNAPKcs,GHDEREHPFLVKGGEDLRQDQR,3742,3763,,,,,[K3753-],
16577,Accepted,2.59E-21,0,0,21,1.048057282,0.991602066,0.196265148,Dead end,,Dead End Heavy - OH,56.06540993,56.06540993,11085,4,580.8468862,DNAPKcs,EIFNFVLKAIRPQIDLKR,247,264,,,,,[K254-],
16285,Accepted,1.46E-15,1.23E-13,0.00020061,21,1.128197305,0.402621874,2.817158161,Cross-linked,Intra,Bound Heavy,24.76041378,24.73040994,4170,5,532.0965019,DNAPKcs,LGLPGDEVDNKVKGAAGR,2705,2722,DNAPKcs,KGVAEQK,2746,2752,[K2717-K2746],
26920,Accepted,1.01E-16,1.52E-15,1.47E-07,21,0.845097862,0.387122038,1.335554411,Cross-linked,Intra,Bound Heavy,38.76088641,38.76088641,7202,4,553.3282617,Ku70,KQELLEALTK,596,605,Ku70,AYGLKSGLK,587,595,[K596-K591],
26311,Accepted,4.35E-15,4.97E-17,0.017564914,21,0.333134763,0.022949691,0.523399705,Cross-linked,Intra,Bound,34.75327086,34.74943447,6326,4,517.7687298,DNAPKcs,DQEKLSLMYAR,2735,2745,DNAPKcs,TGKWK,516,520,[K2738-K518],
26502,Accepted,1.96E-23,1.88E-23,7.55E-08,21,0.154471405,0.04118313,0.301022919,Cross-linked,Intra,Bound,10.5646561,10.5646561,1516,4,461.758861,DNAPKcs,SVGPDFGKKR,2695,2704,DNAPKcs,VKGAAGR,2716,2722,[K2702-K2717],
18595,Accepted,1.53E-18,4.43E-20,0.002242922,21,0.712643624,0.489976431,1.907476731,Cross-linked,Intra,Bound Heavy,56.27257129,56.24208264,11119,4,656.8887479,DNAPKcs,SIELFYKFVPLLPGNR,1187,1202,DNAPKcs,IIEKK,1137,1141,[K1193-K1140],
13565,Accepted,4.19E-15,6.08E-12,7.64E-10,21,2.697257479,0.588422431,0.550865832,Cross-linked,Intra,Bound,30.73629673,30.73629673,5424,5,731.3750218,DNAPKcs,ICSKPVVLPKGPESESEDHR,490,509,DNAPKcs,MKQDAQVVLYR,2763,2773,[K499-K2764],
14323,Accepted,1.14E-17,0,0,21,0.533857661,0.318685097,1.537653611,Self Linked,,Bound Heavy,36.81252737,36.81252737,6771,4,565.7971305,DNAPKcs,FIQTFGKEFDKHFGKGGSK,3632,3650,,,,,[K3638-K3642;K3642-K3646],
20280,Accepted,1.11E-14,0,0,21,0.499972494,0.62464068,0.491457188,Dead end,,Dead End Heavy - OH,45.68369388,45.68369388,8777,4,470.0307696,Ku80,FSKSQLDIIIHSLKK,142,156,,,,,[K144-],
15159,Accepted,3.35E-15,0,0,21,0.154805217,0.469010128,1.496752903,Dead end,,Dead End - NH,22.46392022,22.46392022,3701,5,441.6226614,DNAPKcs,GHDEREHPFLVKGGEDLR,3742,3759,,,,,[K3753-],
15209,Accepted,2.49E-22,0,0,21,0.293484195,0.529592803,0.925686887,Dead end,,Dead End - OH,23.97969249,23.97969249,4028,4,552.0225117,DNAPKcs,GHDEREHPFLVKGGEDLR,3742,3759,,,,,[K3753-],
24082,Accepted,3.97E-19,7.58E-23,0.000820277,20,0.259618554,0.212201662,0.038525184,Cross-linked,Intra,Bound Heavy,23.70782893,23.70782893,3960,4,571.0550221,Ku70,IMATPEQVGKMK,452,463,Ku70,VEAMNKR,511,517,[K461-K516],
17534,Accepted,2.08E-15,0,0,20,0.446821889,0.139331449,2.669541563,Self Linked,,Bound Heavy,15.77798328,15.77798328,2371,4,526.307596,DNAPKcs,KGVAEQKREKEIKSELK,2746,2762,,,,,[K2752-K2755],
26287,Accepted,4.37E-17,8.10E-17,1.15E-05,20,3.820911888,1.983951262,0.219813104,Cross-linked,Intra,Bound,43.40686243,43.40686243,8265,4,582.3128723,Ku70,FTVPMLKEACR,576,586,Ku70,AYGLKSGLK,587,595,[K582-K591;K582-S592],
24599,Accepted,6.73E-15,1.77E-17,0.003177557,20,0.32876477,0.009068203,3.178380234,Cross-linked,Intra,Bound Heavy,31.65530876,31.65530876,5638,4,566.3262008,Ku70,IMATPEQVGKMK,452,463,Ku70,AIVEKLR,464,470,[K461-K468],
24412,Accepted,1.29E-14,9.13E-11,5.53E-08,20,1.760746345,0.428539963,0.084137423,Cross-linked,Intra,Bound,33.84143134,33.8390728,6113,4,712.8683208,DNAPKcs,EPSFDWKNFEQK,4008,4019,DNAPKcs,AELAKTPVNKK,3594,3604,[K4014-K3598],
22831,Accepted,8.09E-15,5.86E-14,7.08E-06,20,1.214759024,1.309327138,1.368317786,Cross-linked,Intra,Bound Heavy,44.79657768,44.7888166,8582,4,765.9039525,DNAPKcs,NNITQKLLQDFNR,2830,2842,DNAPKcs,EMDKFKTLSEK,2819,2829,[K2835-K2822;K2835-K2824],
8955,Accepted,3.02E-32,0,0,20,1.700683704,0.738735401,0.227375469,Dead end,,Dead End - OH,21.38275379,21.38275379,3462,4,686.0898447,Ku80,KKDQVTAQEIFQDNHEDGPTAKK,544,566,,,,,[K565-],
23651,Accepted,1.52E-15,0,0,20,0.83244962,0.83244962,0.897257087,Self Linked,,Bound Heavy,18.61405263,18.61405263,2893,4,411.2533692,DNAPKcs,KRESKVPADLLKR,3873,3885,,,,,[K3873-K3877],
16207,Accepted,1.82E-14,3.25E-09,1.95E-09,20,1.165719155,0.954657289,1.778397836,Cross-linked,Intra,Bound,32.78006227,32.71242802,5870,5,645.5248523,DNAPKcs,GHDEREHPFLVKGGEDLR,3742,3759,DNAPKcs,NFEQKMLK,4015,4022,[K3753-K4019],
26895,Accepted,1.47E-17,1.34E-17,1.09E-08,20,0.607767128,0.495648879,0.597925681,Cross-linked,Intra,Bound Heavy,10.53057429,10.53057429,1508,4,463.2682772,DNAPKcs,SVGPDFGKKR,2695,2704,DNAPKcs,VKGAAGR,2716,2722,[K2702-K2717],
26711,Accepted,7.24E-23,5.36E-28,0.334706821,20,0.333042458,0.412876383,0.210424651,Cross-linked,Intra,Bound,21.07069655,21.07069655,3399,4,465.7249021,DNAPKcs,FNNYVDCMKK,1736,1745,DNAPKcs,KEAR,2009,2012,[K1744-K2009],
26494,Accepted,4.00E-16,1.08E-10,1.08E-10,20,5.088128384,1.380652159,2.271189179,Cross-linked,Intra,Bound,23.50185513,23.50185513,3917,4,602.3276327,DNAPKcs,ALKLNSNEAR,3453,3462,DNAPKcs,GKPLPEYHVR,3709,3718,[K3455-K3710],
26420,Accepted,1.69E-15,5.39E-11,1.02E-06,20,0.613487708,0.517884713,1.859206243,Cross-linked,Intra,Bound,27.25173493,27.25173493,4706,4,561.5299567,DNAPKcs,KQNNFSLAMK,3248,3257,DNAPKcs,MKMIDSAR,3240,3247,[K3248-K3241],
19891,Accepted,2.09E-16,0,0,20,0.505758822,4.751270344,2.887808616,Dead end,,Dead End - OH,45.5551502,45.5551502,8751,4,468.5213533,Ku80,FSKSQLDIIIHSLKK,142,156,,,,,[K144-],
18186,Accepted,1.02E-18,0,0,20,0.788913405,0.339653105,0.108356316,Dead end,,Dead End - OH,26.96650101,26.96650101,4651,4,535.2710587,DNAPKcs,EHPFLVKGGEDLRQDQR,3747,3763,,,,,[K3753-],
28235,Accepted,4.13E-16,7.02E-11,1.11E-09,19,0.281352109,0.41366141,0.960025754,Cross-linked,Intra,Bound Heavy,15.11934156,15.11934156,2249,4,451.0295675,DNAPKcs,AAQKGFNK,821,828,DNAPKcs,VVLKHLK,829,835,[K824-K832],
15671,Accepted,1.91E-14,0,0,19,0.892523458,0.298012134,1.674700148,Dead end,,Dead End Heavy - OH,24.49373694,24.49373694,4119,4,553.531928,DNAPKcs,GHDEREHPFLVKGGEDLR,3742,3759,,,,,[K3753-],
26544,Accepted,5.30E-15,3.07E-08,2.01E-11,19,1.625220043,1.970477277,1.109285647,Cross-linked,Intra,Bound Heavy,41.41119241,41.41119241,7814,4,577.8493598,DNAPKcs,LLPAELPAKR,2900,2909,DNAPKcs,ESKVPADLLK,3875,3884,[K2908-K3877],
13857,Accepted,6.04E-17,0,0,19,0.853704961,1.819786776,2.090013145,Dead end,,Dead End Heavy - OH,47.20237868,47.20237868,9126,4,570.8098074,Ku70,TKAGDLRDTGIFLDLMHLK,188,206,,,,,[T188-;K189-],
15209,Accepted,1.64E-18,0,0,19,0.940773736,1.035359031,2.697353768,Dead end,,Dead End - OH,24.5441148,24.5441148,4129,4,552.0225117,DNAPKcs,GHDEREHPFLVKGGEDLR,3742,3759,,,,,[K3753-],
22246,Accepted,1.09E-16,1.59E-15,0.01117711,18,0.91341239,0.132887441,1.740402814,Cross-linked,Intra,Bound,29.21094806,29.21094806,5114,4,661.3411516,DNAPKcs,FMRDQEKLSLMYAR,2732,2745,DNAPKcs,KGVAEQK,2746,2752,[K2738-K2746],
27617,Accepted,2.24E-18,3.09E-18,8.31E-07,18,0.391009592,0.089708146,2.99884023,Cross-linked,Inter,Bound,16.50158199,16.43967675,2486,4,435.501694,Ku70,AYGLKSGLK,587,595,Ku80,KFEKR,126,130,[K591-K126],
27305,Accepted,4.72E-18,4.39E-21,0.003526247,18,0.786018144,0.786018144,1.383850304,Cross-linked,Intra,Bound,15.60868289,15.60868289,2341,4,422.7335854,DNAPKcs,SVGPDFGKK,2695,2703,DNAPKcs,VKGAAGR,2716,2722,[K2702-K2717],
22757,Accepted,2.30E-15,6.19E-09,2.58E-06,17,0.735017861,0.429635325,0.162599619,Cross-linked,Intra,Bound Heavy,26.66886545,27.21183224,4696,4,639.6078961,Ku80,AFREEAIKFSEEQR,641,654,Ku80,VLVKQK,600,605,[K648-K603],
27670,Accepted,2.45E-20,4.08E-20,1.83E-08,17,0.011214722,0.243134764,0.251709848,Cross-linked,Inter,Bound Heavy,16.40823862,16.40554239,2479,4,437.0111102,Ku70,AYGLKSGLK,587,595,Ku80,KFEKR,126,130,[K591-K126],
27639,Accepted,1.12E-15,6.02E-10,2.00E-10,17,0.263404592,0.28581521,0.933448056,Cross-linked,Intra,Bound Heavy,11.93070158,11.93070158,1721,5,391.0233653,DNAPKcs,SVGPDFGKK,2695,2703,DNAPKcs,KGVAEQKR,2746,2753,[K2702-K2746],
27432,Accepted,2.95E-22,5.67E-27,0.50542328,17,0.574193274,0.574193274,3.792806524,Cross-linked,Intra,Bound Heavy,10.68199353,10.68199353,1541,4,385.4665383,DNAPKcs,SVGPDFGKK,2695,2703,DNAPKcs,KEAR,2009,2012,[K2702-K2009],
20201,Accepted,3.60E-14,0,0,17,0.045210655,0.628709101,0.60449916,Dead end,,Dead End Heavy - OH,35.69795358,35.69795358,6527,4,488.0072958,DNAPKcs,FIQTFGKEFDKHFGK,3632,3646,,,,,[K3638-],
21142,Accepted,2.31E-18,0,0,17,0.178631107,0.505307631,0.986834423,Self Linked,,Bound Heavy,28.59670039,28.59670039,4980,4,456.0035507,DNAPKcs,EFDKHFGKGGSKLLR,3639,3653,,,,,[K3646-S3649;S3649-K3650],
14946,Accepted,2.69E-14,0,0,16,1.107979048,1.430068823,1.626644284,Dead end,,Dead End Heavy - OH,54.65821336,54.65821336,10803,4,566.8110789,Ku70,TKAGDLRDTGIFLDLMHLK,188,206,,,,,[T188-;K189-],
26683,Accepted,4.77E-17,4.25E-18,0.332091718,16,0.271945321,0.030409318,0.680600692,Cross-linked,Intra,Bound Heavy,21.02687248,21.02687248,3390,4,467.2343183,DNAPKcs,FNNYVDCMKK,1736,1745,DNAPKcs,KEAR,2009,2012,[K1744-K2009],
27516,Accepted,9.65E-21,3.40E-23,1.54E-05,16,0.321209629,0.321209629,1.663261377,Cross-linked,Intra,Bound Heavy,15.64529602,15.64529602,2348,4,385.9886428,Ku70,AYGLKSGLK,587,595,Ku70,VTKR,540,543,[K591-T541;K591-K542],
28633,Accepted,6.44E-15,3.93E-05,5.56E-11,16,0.407722134,0.407722134,0.373247183,Cross-linked,Intra,Bound,12.27816375,12.27816375,1781,4,425.9911592,DNAPKcs,EIKSELK,2756,2762,DNAPKcs,KGVAEQK,2746,2752,[K2758-K2746;S2759-K2746],
27767,Accepted,9.16E-21,2.43E-25,0.004764039,15,0.533631282,0.533631282,2.286713671,Cross-linked,Intra,Bound,10.73958116,10.73958116,1550,4,383.9571221,DNAPKcs,SVGPDFGKK,2695,2703,DNAPKcs,KEAR,2009,2012,[K2702-K2009],
26506,Accepted,1.66E-15,6.15E-07,9.60E-14,14,0.847043738,0.859143725,1.382614017,Cross-linked,Intra,Bound,14.06345792,14.06345792,2056,4,533.0482633,DNAPKcs,TPVNKKNIEK,3599,3608,DNAPKcs,NKEFVAR,3551,3557,[K3603-K3552;K3604-K3552],
